crd1,crd2,crd3,onaji1,onaji2,onaji3,kanyu,crd
0,0,0,64,0,0,1,0
0,0,0,147.3494001,0,0,1,0
0,0,0,173.8014496,0,0,1,0
0,0,0,91.39662815,6.998862099,0,1,0
0,0,0,125.8745534,0,6.199575943,1,0
0,0,0.763105267,132,0.960598333,2.783865561,1,0.763105267
0,1.614658176,0,176.4361051,1.779728541,0.982093523,1,1.614658176
2.924473548,0,0,208.057681,0,3.079373057,1,2.924473548
0,2.209923707,0,287.2494138,1.620240205,1.832399179,1,2.209923707
0,0,1.983566713,344.160525,0,3.140511086,1,1.983566713
0,0,0,189.6218341,10.4457698,0,1,0
0,0,0,62,2.843275557,0.572505673,1,0
0,0,0,169.0155537,5.056941694,11.80059982,1,0
0,0,0,170.3701602,0.939827108,1.072704751,1,0
0,0,0,60,7.153457998,12.29128389,1,0
0,0,0,93.57367792,14.33618226,0,1,0
0,0,0,186,1.936602622,3.105723325,1,0
0,0,0,161,0,6.231235441,1,0
0,0,0,86.22943923,0,0,1,0
0,0,0.623369918,169.0767306,0,0,1,0.623369918
0,0,1.21896787,119,2.915006062,0.460957378,1,1.21896787
0,3.059338063,0,153,1.915849068,0.939872055,1,3.059338063
0,2.97326244,0,134,1.494391238,0.409357671,1,2.97326244
0,0,0,147,0,0,1,0
0,0,0,14,0,0.238725331,1,0
0,0,0,65,0,0.051417764,1,0
0,2.541923428,0.345742231,134,1.074396588,1.120758234,1,2.887665659
0,0,0,128,0,1.37831554,1,0
6.676259637,0.311315151,2.49528033,152,2.412110389,0.411188938,1,9.482855118
0,0,0.22548531,115,41.72675959,0.543484509,1,0.22548531
0,0,0.220177566,69,3.297572958,0,1,0.220177566
0,0,2.377519435,189,0,0,1,2.377519435
0,0,0,230.531435,1.898172402,1.288323042,1,0
0,0,0,204.3755292,3.912781693,0,1,0
0,0.260784826,0,53.12306844,15.4452157,11.85144873,1,0.260784826
0,0,0,80,5.65328181,2.476794119,1,0
0,0,0,55,0.569234835,12.40428373,1,0
0,0,1.696903873,51,1.954508762,1.618311287,1,1.696903873
0,0,0,110,5.215164649,0,1,0
0,0,21.78206625,109.6360936,0,2.612141763,1,21.78206625
2.930491392,0,0,179,0,11.93266245,1,2.930491392
0,0,0.168456612,141,0,0.633902323,1,0.168456612
0,0,0,153,0,12.15636898,1,0
0,0,0,63,10.62538809,0.466629532,1,0
0,0,0,132,2.308761482,0.62678304,1,0
0,0,0,91,0,2.325930974,1,0
18.29100285,0,0,75,0,0,1,18.29100285
0,20.57748977,0,108,0,0,1,20.57748977
0,0,0,33.1975717,0.899836544,27.79176295,1,0
0,0,0,20.0211163,0.208600238,0,1,0
0,0,0,75.25868124,0.132291926,20.16586892,1,0
0,0,3.499009566,64,18.71147391,0,1,3.499009566
0.454303933,2.012333192,0.533364587,39,0.349331018,1.400270137,1,3.000001712
0,0,1.488938712,67,1.424385002,3.249866854,1,1.488938712
0,0.726345521,0.983025749,151,4.821285847,1.336938272,1,1.70937127
0,1.139450366,0,49,4.248005697,1.655354762,1,1.139450366
0,0,0,45,14.41702201,10.36528801,1,0
0,3.630631027,0,40,0,16.38520636,1,3.630631027
0,0,0,126.6454582,1.82676531,8.639217883,1,0
0,0,0,23.45962393,2.327842229,3.121249244,1,0
0,0,0,77.16386628,3.154248988,1.423250301,1,0
0,0,0,136.0130385,39.98718869,0,1,0
0,0,0,64,6.908832306,3.634710911,1,0
0,0,0,148,7.428816896,0.060174042,1,0
0,0,11.80604002,166.0232072,24.94020116,7.322461641,1,11.80604002
0,17.84237495,0,22.04120081,24.79911618,1.388166546,1,17.84237495
0,17.34802686,0,167.2927296,20.47163274,0.955852884,1,17.34802686
0,0,10.15385096,74,7.487811373,15.95012755,1,10.15385096
0,0,0,135.9758963,7.67594937,4.062295651,1,0
0,0,0,92,5.301244308,1.661336608,1,0
0,0,0,184,3.413740505,0,1,0
0,0,0,144,7.846088648,2.4302807,1,0
0,0,0,12.48358829,7.951076133,0,1,0
0,0,0,159,0,5.333952736,1,0
0,0,0,162.2228155,5.256254445,4.705105596,1,0
0,0,0,129.317472,5.143046583,4.924997966,1,0
0,0,0,130.2763018,5.21725103,3.724866972,1,0
4.025253292,2.816920948,0,66.68436164,0,7.306890766,1,6.84217424
0,1.161885286,0,157,2.811871264,1.349084639,1,1.161885286
0,0.603023363,0,146.18901,5.303660827,2.626951085,1,0.603023363
0,0,0.511742925,202.782358,3.84108126,0.545769017,1,0.511742925
0,0.633150175,0,203.6597902,1.619815026,2.279054965,1,0.633150175
2.277455007,0,0,70,5.16247506,5.725524131,1,2.277455007
0,0.759898195,1.703330876,157.5844016,2.11040613,2.644140582,1,2.463229071
0,0.753991276,1.685385765,141.1557016,2.185069315,4.251845963,1,2.439377041
0,0.62643286,1.876804488,201.121842,2.166129985,0.874135992,1,2.503237348
0,3.501450397,0,157,23.04797434,1.476341927,1,3.501450397
0,0,2.90906783,69,0.494103727,10.58375593,1,2.90906783
0,0.512751799,0,91,0,0,1,0.512751799
0,0,0,43,0,0,1,0
8.547638126,0,0,56,8.306754753,0,1,8.547638126
0,0,0,186,5.81392531,1.003469069,1,0
0,0,0,42.4673565,0,0,0,0
0,0,0.380147563,8.408001726,0,12.87178936,0,0.380147563
0,0,0,15.25713326,8.549726867,10.08492558,0,0
0,0,7.554893459,29.08194499,16.19124558,5.750803044,0,7.554893459
0,0,0,24.50090253,11.03844755,5.590138001,0,0
0,0,1.578156352,55.13887178,0.734518574,1.760613679,0,1.578156352
0,0,0,0.787832531,4.370355335,2.381417108,0,0
0,0,0,16.53223242,0,6.032800596,0,0
0,0,0,59.31028548,3.988117946,4.750489328,0,0
0,0,0,6.051104734,4.689865785,0.901414717,0,0
0,1.14988721,0,16.75213312,0.340346479,0,0,1.14988721
0,0,1.237348325,134.6180402,2.395776632,3.443677806,0,1.237348325
0,0,0,719.8045432,0,0.883849206,0,0
0,0,10.59646138,1.739655769,15.39414325,4.464192178,0,10.59646138
0,0,0,28.0659961,8.090423021,7.197503131,0,0
5.561933988,16.77954646,1.312871398,36.31552561,0,17.08351166,0,23.65435185
0,0,0,53.1120634,0,0,0,0
0,0,0,1.659605088,1.198903539,0,0,0
0,0,7.277793168,10.01249904,1.043732607,0,0,7.277793168
0,0,21.64386128,41.91143466,0,0.618912787,0,21.64386128
0,0,0,61.38249552,12.1584253,0,0,0
0,0,0,7.17051408,3.719536944,3.083480446,0,0
0,0,0,24.54137033,0,1.537988182,0,0
0,0,0,5.604493462,0,0,0,0
0,43.00130337,3.245166408,36.79257516,40.67263186,0,0,46.24646978
0,0,1.247188866,40.2777001,2.43847032,3.339346616,0,1.247188866
0,29.74025686,0,59.93426123,0,0,0,29.74025686
0,0,0,21.0832205,0,0,0,0
0,0.730859233,0,0.773996702,4.230453863,1.31477207,0,0.730859233
19.98586458,0.405316199,2.795701631,5.096988519,0,0,0,23.18688241
0,2.785457679,0.331047553,3.718244283,0,1.912938664,0,3.116505232
0,0,0,4.064383624,4.210014477,2.499286274,0,0
0,0,0,6.540640341,9.117392417,0,0,0
0,0,0,2.246757508,4.545885443,0,0,0
0,0,0,7.555444419,0,0,0,0
0,0,0,14.11177182,6.267869512,2.952106273,0,0
0,0,0,19.70287784,1.439009203,0,0,0
0,0,0,97.00163523,0,0,0,0
0,0,0,64.02477508,0,5.841920814,0,0
0,0,0,45.75000831,0,0,0,0
0.686503761,1.034745193,1.368489735,67.56477423,1.788969447,5.766312247,0,3.089738689
0,0.263903306,0,1.027240321,36.98618332,5.347862363,0,0.263903306
0,1.449042735,0,2.982164058,2.030794198,0.540387533,0,1.449042735
0,0,0,29.65113004,9.24859049,0,0,0
0,0,0,7.255518932,0,2.069910104,0,0
0,0,0,3.540616918,0.979040294,0,0,0
0,0,0,147.7443405,0,3.431850873,0,0
0,0,7.996009317,1010.550728,22.23565114,0,0,7.996009317
0,0,0,1.948970592,7.588541978,0,0,0
0,11.79787929,2.272914809,81.83383281,15.63515545,5.849698658,0,14.0707941
0,0,0,7.110965191,1.294082264,12.84588653,0,0
0,0,0,5.564152944,20.94034047,6.550618632,0,0
0,0,0,63.32540559,0,6.349162927,0,0
0,0,0,12.53341465,0.715884276,0.439023764,0,0
0,2.367541807,0,2.445519303,5.556491243,0.760535221,0,2.367541807
0.618588864,0.982447212,1.380730956,128.0244302,1.747644962,6.934921946,0,2.981767032
0,10.57255038,19.28819854,22.30192888,0,3.098945624,0,29.86074892
0,1.049456657,1.000792689,11.15870729,0.661051855,1.11470782,0,2.050249346
15.10204665,0,0,1.75907581,21.16328379,1.976694545,0,15.10204665
0,0,0,39.23426539,1.024409844,3.557631362,0,0
0,0,0.873774608,2.38857368,4.291964248,1.91404317,0,0.873774608
0,0,0,0.867762224,0,0,0,0
0,0,9.128867033,1.94459767,22.36348675,4.841007011,0,9.128867033
0,0,0,9.598013194,5.160885657,0.788131173,0,0
0,3.034392173,9.706790358,73.94117553,0,5.345977916,0,12.74118253
0,0,0,23.30524934,7.268447209,13.40793055,0,0
0,0,0,86.60144986,0,1.44565532,0,0
0,0,0.802829589,8.651406521,2.126938877,0.25299585,0,0.802829589
0,0,0,2.27582239,9.621677923,0,0,0
4.258126507,0,0,12.35886307,0,0,0,4.258126507
0,0.9973093,0.876594235,8.804244762,0.785000085,1.196217855,0,1.873903535
9.344359029,0.314841625,6.238658582,8.221272192,0,0.390544713,0,15.89785924
0,0,0,25.05635876,21.95710823,7.422574594,0,0
0,0,0,9.718197404,0.382754197,1.542019138,0,0
0,0,0,23.19498133,2.52479826,0,0,0
0,0,0,0.670390345,0,0,0,0
0,0,0,5.700484046,0,0,0,0
0,0,0,15.70902167,0,0,0,0
0,0,0,2.95699763,0,4.856525034,0,0
0,0,0,482.6874321,0,3.518153549,0,0
11.1628843,14.83565977,0,29.7891346,11.79765171,9.531498416,0,25.99854407
4.807238188,1.699528964,0,4.710574761,9.394761509,3.022561237,0,6.506767152
0,0,0,2.533237201,0,0,0,0
0,0,0,19.03181134,29.48829145,0,0,0
0,0,1.461042769,1.527866648,2.155233891,0.492581952,0,1.461042769
3.131266892,0,0,9.15379208,1.172636318,1.968848586,0,3.131266892
0,0,0,73.52782428,0,6.643882815,0,0
0,0,24.59740027,37.04813903,0,3.277222043,0,24.59740027
0,0,0,59.45701335,0,0,0,0
0,0,0,0.994881861,0,0.065984452,0,0
0,0,0,29.62912589,9.579319584,4.695063725,0,0
0,0,0.243279605,86.7250632,0,0,0,0.243279605
0,2.629198173,0.412248302,7.384870559,2.026513371,2.744796658,0,3.041446475
0,0,0,40.02325167,0,1.43193333,0,0
0,0,0,21.71113304,2.696434915,1.024646843,0,0
0,0,15.02520449,10.64302601,0,0.754010309,0,15.02520449
0,0,0,50.06197675,0,0,0,0
0,2.484425402,0,4.630602797,0,1.47038777,0,2.484425402
0,0,0,7.618940344,2.697289182,2.295777546,0,0
4.273956521,2.901730497,0,11.77801528,0,6.889877215,0,7.175687018
0,11.03031904,3.49961056,33.60888228,20.52180631,13.99198439,0,14.5299296
0,0,25.76637186,49.69527675,0,0,0,25.76637186
0,0,0,40.38151678,0.940472771,1.081925228,0,0
0,0,0,9.008680003,0.764873875,9.269946796,0,0
0,0,0,35.10515153,0,16.9471631,0,0
0,0,0,40.11173006,0,3.683944316,0,0
6.162960733,0.462283038,1.147141453,9.293302612,7.521680679,3.333195577,0,7.772385224
0,0,0,13.13434389,0,0,0,0
0,0,0,28.28084457,2.592609433,4.006082687,0,0
0,0,0.115408194,1.519667138,0.906090038,0,0,0.115408194
0,0.993656057,3.687020006,12573.01434,0,0,0,4.680676063
0,0,0.551272283,3.354955099,0.405600481,2.901297253,0,0.551272283
0,0,0,40.96361318,9.795046975,5.627212576,0,0
0,0,3.815583989,1.705315624,16.17161196,0,0,3.815583989
0,0,0,35.36429249,0,0,0,0
0,0,1.709207018,33.34448436,1.077534151,0,0,1.709207018
0,0.212191993,0,3.381773249,0,0.552200818,0,0.212191993
0,0.244414174,0,6.107152747,0,0,0,0.244414174
0,0,0.472010124,15.34088628,3.823179418,0.564569966,0,0.472010124
0,0,0,11.40489817,1.197055156,0,0,0
0,0,0,17.19849231,0,1.298869352,0,0
0,0,0,254.1467445,7.172001597,9.364783963,0,0
0,1.591863896,0,2.371660306,5.345232418,0,0,1.591863896
0,1.580639222,0,1.104599138,0.822592338,1.728815452,0,1.580639222
0,0,1.490800041,3.297859091,2.360675586,1.607634285,0,1.490800041
0,0,0,1.459022383,1.839812246,1.500684933,0,0
0,1.769500137,2.135653679,68.88684015,0,7.502682873,0,3.905153816
0,0,1.735135404,34.45243045,0,1.059938969,0,1.735135404
0,0,0.14049969,9.653233353,0,0,0,0.14049969
0,0,0,5.510742833,4.096475629,1.072582664,0,0
0,0,0,2.485565514,2.58410162,3.982589223,0,0
0,0,0,28.28174933,7.289787133,0,0,0
3.895464077,0,0,4.127434794,1.450107265,0,0,3.895464077
40.2557634,0,0,17.23932103,3.618253357,1.419964575,0,40.2557634
0,0,0,2.911517032,3.023910077,2.224800928,0,0
0,0,0,0.683826586,1.06046692,26.60103934,0,0
0,0,0,5.154199272,0,0,0,0
0,0,0,55.47417462,0,0,0,0
0,0,0,275.230456,11.13708345,7.116781491,0,0
0,0,0,26.24744041,0,0,0,0
0,0,0,25.81829922,32.11592216,4.093898306,0,0
0,0,0,90.13019006,0,0.089694501,0,0
0,0,0,56.14688889,1.957740184,4.907697558,0,0
0,0,2.422628336,2.530272487,1.192055021,1.293740431,0,2.422628336
0,0,0,26.97185442,0,2.678544921,0,0
0,13.21112392,4.494654544,7.049077271,0,0.470990014,0,17.70577846
29.11615229,0,0,2.13972374,0,0,0,29.11615229
0,0,0,60.12636601,0.829116694,0,0,0
0,0,0,12.57177354,10.0791128,0,0,0
21.13141922,49.91481956,0,158.3656203,9.013498493,0,0,71.04623878
7.649525339,43.16029572,1.315192923,54.40816432,15.04325976,0,0,52.12501398
0,0,0,48.38353244,2.155831103,0.534753785,0,0
0,0,0,7.786589351,20.60184593,3.948263888,0,0
0,0,1.261172167,5.830162861,0.858728904,0.502415427,0,1.261172167
0,0,0,10.45858869,3.316810448,3.14927693,0,0
0,0,0,6.452827449,0,1.867077224,0,0
0,0,0,35.52696303,0,0,0,0
0,6.460071341,0,109.1688494,0,4.833057265,0,6.460071341
0,0,0,6.256267601,0,0.408429626,0,0
0,0,0,19.88667192,3.02340115,4.260416936,0,0
0,1.324387097,0,4.511134821,1.122270425,0.785404912,0,1.324387097
0,0.460782069,4.623614141,11.06857168,8.403018194,1.046246085,0,5.08439621
0,2.741384684,0,6.610105604,3.882887132,0,0,2.741384684
0,0,0,227.6960756,14.37391229,0,0,0
0,0,23.32918926,53.18835962,0,2.933978881,0,23.32918926
0,3.805221831,25.55475316,20.45735399,36.43563131,0,0,29.35997499
0,17.4226583,0,3.952380749,15.4601251,7.044762665,0,17.4226583
0,0,0,4.874521459,4.173269925,0.247264911,0,0
0,0,0,25.85039301,10.9172712,0,0,0
0,0,0,2842.034139,0,0,0,0
0,0,0,18.19987984,29.69552214,0,0,0
0,0,0,4.854796814,5.064373031,0,0,0
0,0,0,42.61645096,0,1.39722404,0,0
0,0,0,17.99035105,0,0,0,0
0,0,0,28.97475872,0,0,0,0
0,0,0,13.95753513,0,4.768709318,0,0
0,0,0,32.9691291,0,0,0,0
0,0,0,48.01249201,3.175334406,1.414460853,0,0
0,0,0,3.823434854,11.1445881,1.332434127,0,0
0,0,0,173.8816511,1.623383991,1.319613948,0,0
0,0,0,47.08717275,13.17489508,15.38945048,0,0
0,0,0,43.69878762,0,0,0,0
0,0,0,42.81336346,0,0,0,0
0,0,0,2.503125663,8.937251159,0,0,0
0,0,0,56.7084167,9.883352181,6.416728516,0,0
0,0,0,10.77365559,0,7.822619106,0,0
0,0,0,1.315300354,0.148626656,20.9924,0,0
0,0,0,7.602726391,0.997536172,3.352249322,0,0
0,0,0,209.8891533,0,9.888564735,0,0
0,0,0,1.017563336,0.136438907,23.19648594,0,0
0,0,2.314696569,7.475792208,2.635165237,4.771815665,0,2.314696569
0,0,0,110.8307314,0,1.963062601,0,0
0,14.91326813,0,8.828661465,20.48277385,8.228834768,0,14.91326813
0,0,0,23.70347144,0,13.69107453,0,0
0,0,0,12.30179852,1.978427367,5.515126581,0,0
0,0,0,109.3811252,0,0,0,0
2.10309462,0,0,5.220606393,6.247772789,4.7049216,0,2.10309462
0,0,0,1.032756504,13.69346629,9.216905384,0,0
0,0,0,5.923026882,0,0.622436112,0,0
0,0,0,9.716416434,2.843535319,0.28767565,0,0
0,0,0,2.063672329,18.24225913,0,0,0
0,0,0,6.532786058,2.802297923,0.440286923,0,0
2.360513176,17.74385669,7.420107877,27.29009203,9.349341112,16.06288441,0,27.52447774
0,6.047297391,22.55634306,60.01172985,13.28133953,0,0,28.60364045
0,0,3.396893763,35.16884043,0.46996394,0.261719286,0,3.396893763
0,0,0,89.83587841,0,0,0,0
0,0,0,1.177747699,0,0.055015567,0,0
0,0,0,32.92467308,9.91326734,0,0,0
0,0,0,22.58289627,13.74769394,0,0,0
0,0,0,53.33084357,1.99983512,4.835864415,0,0
0,0,0,2.660906102,10.42750372,8.302171116,0,0
0,0,0,24.49148161,4.821752426,10.87219299,0,0
0,0,0,19.86425674,3.44932285,2.049020806,0,0
1.275308021,0,1.058660871,13.31505625,1.378243454,0.270546398,0,2.333968892
19.93280722,8.183830923,0,13.63680183,3.093295123,1.91181256,0,28.11663814
0,0,0,27.96909068,2.488228283,0,0,0
0,0,0,11.00398416,4.534921696,0,0,0
19.92494984,0.34375777,6.285039566,6.415811122,0,0,0,26.55374718
0,0,0,26.4709806,0,0,0,0
0,0,0,16.31800686,0,0,0,0
0,0,0,13.20019926,5.332353493,3.616055388,0,0
0,0,0,30.92561119,0,1.40118357,0,0
0,0,0,11.94197063,17.03227686,2.042573325,0,0
0,0,21.3202984,13.99714471,0,0,0,21.3202984
0,0,0,17.58226096,26.16497361,8.033337548,0,0
8.08004909,14.91955646,0,11.8970625,9.952638082,11.27176125,0,22.99960555
0,0,0,54.83579744,2.090438339,4.770892299,0,0
0,0,0,0.939861758,5.031038984,8.859719193,0,0
0,0,0,221.4525961,0,1.725134057,0,0
0,0,0.735105984,26.78597136,0,1.665947979,0,0.735105984
0,0,0,5.825015432,0,14.4539678,0,0
0,0,0,14.38640611,2.378158437,0.509872298,0,0
0,0,0,4.423357645,6.169677333,1.256785853,0,0
0,0,0,20.05093526,0,0,0,0
0,0,0,4.695725038,3.42936493,3.303493341,0,0
0,0,0,24.21955679,2.657914754,3.979343572,0,0
0,0,0,16.10108126,0,0,0,0
1.342195762,0,1.041842262,17.42335771,1.563474392,0.286872339,0,2.384038024
0,0,0,42.37692029,0,0,0,0
0,0,0,185.1894426,6.08301013,1.623493086,0,0
0,0,0,11.72247188,21.17131359,0,0,0
0,0,0,0.73927129,0,1.511933182,0,0
0,3.970114915,0,0.853492802,8.76612446,0,0,3.970114915
0,0,0,28.93481836,9.46333631,0,0,0
0,0,0,3.139862796,13.99895069,1.197614358,0,0
0,0,0,21.65169593,3.058769129,16.37602431,0,0
0,0,0,88.79710443,0,0.453344281,0,0
0,52.02231997,0.302997187,30.76800057,10.74130335,0,0,52.32531716
0,0,0,8.53756009,5.192068566,0,0,0
0,0,0.573078189,14.53310417,5.569904269,1.035357561,0,0.573078189
0,0,0,23.41890494,0,0,0,0
0,17.87536513,0,13.21795636,5.19198275,1.76731683,0,17.87536513
0,0,0,32.72221231,0,2.346318324,0,0
0,18.8588244,0,17.59866581,19.65797488,1.390942981,0,18.8588244
0,0,0,25.15723187,12.66095668,6.795538413,0,0
33.11667844,40.64021154,0,240.9222143,9.273625721,0,0,73.75688998
0,0.937091919,0.174882774,1.310723462,3.556250541,7.153626823,0,1.111974693
0,0,3.425247869,1.962640535,0,13.32323798,0,3.425247869
0,0,0,100.1831807,0,0,0,0
0,0,0,6.215327529,0,5.31638406,0,0
88.51368391,9.215803066,0,100.6228357,10.06652793,0,0,97.72948698
0,0,0,9.532624646,0.204215711,0,0,0
0,0,0,8.176031239,0,3.149856595,0,0
0,0,22.9058719,19.13682862,0,2.487823979,0,22.9058719
0,0,0,13.20784173,0,0,0,0
0,0,10.26428526,36.1141063,0.320994593,5.302725799,0,10.26428526
0,0,0,2.424206769,3.858334963,2.344978649,0,0
0,0,0,42.40194776,0,0,0,0
0,0,0,13.74322836,0,6.343000451,0,0
0,0.183956983,0,2.614109218,0,0.628729532,0,0.183956983
0,0,0,5.335257353,0,0.413872557,0,0
0,0,0,2.258345719,2.579278313,0,0,0
0,1.996154396,0,23.07689577,1.555389312,1.714079687,0,1.996154396
0,0,9.089462019,3.09954261,3.296962798,0,0,9.089462019
0,0.548042471,0,124.7487169,0,1.235779641,0,0.548042471
0,11.23912482,3.485114605,26.53696494,25.70329491,16.06401626,0,14.72423943
0,0,15.9218706,58.40548711,22.79158253,0.519261903,0,15.9218706
0,0,0,27.51647201,2.194167173,0.510165897,0,0
0,0,0,86.15250008,0,0.679313049,0,0
0,0,4.294918823,43.34946291,0,0,0,4.294918823
0,0,0,15.37753321,10.32567785,0,0,0
0,0,0,21.20278742,14.67258985,0,0,0
0,1.682485922,0,24.35463443,1.794441133,1.043767696,0,1.682485922
0,10.32254919,20.20918462,31.07683513,14.93203468,8.986492466,0,30.53173381
0,0,0,20.79579365,0,2.806876174,0,0
0,0,0,5.917467237,5.519478848,0,0,0
0,38.69189156,3.471455615,211.0764664,16.76951798,0,0,42.16334718
0,0,0,72.53409829,0,0,0,0
0,14.59244919,14.64573698,6.296854909,0,0,0,29.23818617
0,0,10.41441517,66.03405706,0,0,0,10.41441517
0,0,0,5.944251753,0,5.363193649,0,0
0,0,0,248.8745804,10.25157711,2.933985125,0,0
0,0,0,42.72271554,5.508084815,8.065959415,0,0
0,0,14.75398318,31.24510806,0,0.65663209,0,14.75398318
0,0,0,48.93430778,6.502175582,0,0,0
0,0,0,21.84844368,0,0,0,0
0,0,0.200699987,28.45764502,6.832372158,5.218226885,0,0.200699987
6.284849597,3.916132077,4.036938527,12.98704112,0,0,0,14.2379202
0,0,0.628472092,10.42217372,0,0,0,0.628472092
0,0.591205526,0,15.19023749,3.465994141,4.105606046,0,0.591205526
0,0,0,23.40122602,9.189072727,3.094403851,0,0
0,0,21.78945096,3.292644673,2.758634302,0,0,21.78945096
9.507885308,3.979582702,4.758415397,21.08549668,0,0,0,18.24588341
0,0,0,9.342565208,0,1.060786983,0,0
0,0,0,4.205686819,0,0,0,0
0,0,0,2351.325796,0,0.80188207,0,0
0,0,0,49.75173983,2.56113512,3.946482968,0,0
0,0,0,34.69667808,0,1.737450501,0,0
0,0.922793427,0.999352025,9.514721343,0.71854305,1.194747237,0,1.922145452
0,0,0,182.8057627,7.141163394,13.32514839,0,0
0,0,9.442277773,21.01640041,0.917648424,0,0,9.442277773
0,0,0,3.852617008,6.797944696,2.521568481,0,0
0,0,0,20.67603868,1.620982835,1.278758036,0,0
0,0,0,73.24198032,1.582527953,1.390670538,0,0
0,0,0.735562903,6.565801335,0.881377124,2.830162315,0,0.735562903
0,0,0,10.92323372,0,6.775765996,0,0
0,0,0,60.53748815,0.315549454,1.557090192,0,0
0,0,0,244.3390585,0,0,0,0
0,0,0,554.248358,6.104776014,1.624822273,0,0
0,0,0,17.95433359,34.11564594,0,0,0
0,0,0,14.37001549,1.123494771,8.092606952,0,0
0,0,0,18.69815362,24.31381117,9.07059466,0,0
0,0,0,15.61505845,0,1.617099815,0,0
0,0,0,37.93366984,0,0,0,0
0,0,23.00612857,6.802449744,2.480667384,0.451516972,0,23.00612857
0,0,0,1.586884543,0,0,0,0
0,20.66424597,2.59960989,20.19264044,0,0,0,23.26385586
0,0,0,4.916745913,0,0.053325818,0,0
0,1.862001199,0.620764578,0.937639646,0,0.816455192,0,2.482765777
0,0,1.709776863,7.301855701,1.413118717,1.501775571,0,1.709776863
0,0,0,58.30594436,0,5.709291537,0,0
9.523659281,4.250903138,0,1.404572663,0,0,0,13.77456242
0,0,0,5.190743226,0,2.958891733,0,0
0,0,0,85.21001424,0,0.702526783,0,0
0,0,0.20793575,24.1872228,0.182014664,11.24967907,0,0.20793575
1.5871585,5.479899247,5.036156668,14.64744474,0,0,0,12.10321442
0,0,0,17.6785156,0,0,0,0
0,0,0,1.989007541,6.176900701,2.425819757,0,0
0,18.19206971,0,55.92794402,7.197434394,10.55110275,0,18.19206971
0,1.085921918,40.40003169,3.462961808,0,0.732016728,0,41.48595361
0,0,0,8.027521374,1.734227981,1.666486856,0,0
0,0,0,12.43983569,4.358730409,6.990793095,0,0
0,0,10.54832435,3.649381853,2.932606059,0,0,10.54832435
0,0,0,15.12445638,0,0,0,0
0,0,0,43.54181434,0,0,0,0
0,0,0,0.661050189,3.64449521,0,0,0
0,17.80397626,0,45.49634377,7.635919988,10.72393286,0,17.80397626
0,0,0,146.7816412,0,0.403064972,0,0
0,0,0,571.7767115,0,0,0,0
0,0,0,22.49027098,0.604979752,0.252993926,0,0
0,0,0,3.820702477,0,20.00561941,0,0
6.526338009,0.43299297,1.187250835,7.838367877,7.531093078,3.350090653,0,8.146581814
0,0,0,9.347572687,0.37589404,1.738487275,0,0
0,0,0,34.81607042,0,0,0,0
0,0,22.48581052,36.51102742,20.92695818,0.480122409,0,22.48581052
0,0,37.66727965,15.20262862,1.014772398,3.375022684,0,37.66727965
0,0,0,1.858586714,13.82802466,0,0,0
2.415303948,0,0,12.16388721,0.698097588,2.179143523,0,2.415303948
0,0,0,0.842985765,21.91346283,0.136654396,0,0
0,0,0,3.552137417,2.58903266,5.498487809,0,0
0,0,0,18.04966366,0,11.73700893,0,0
0,0,0,1.417281323,0.331856659,9.789608048,0,0
0,0,0,4.930249464,0,1.833142592,0,0
1.541163565,0,0,4.233827004,2.472913945,6.837211431,0,1.541163565
0,0,0,230.4982264,9.846062193,0,0,0
0,0,0,10.32532253,7.279290774,22.40888644,0,0
0,0,0,0.374379057,0,0.246125543,0,0
0,0,0,4.495834964,0,0,0,0
0,3.625489113,0,45.0294966,0,16.38180437,0,3.625489113
0,0,0,5.709743264,2.240230298,0,0,0
0,0,0,28.84069688,0,0,0,0
0,0,0,8.6554998,4.909607406,0.51035402,0,0
0,0,0,52.28901523,0,0,0,0
0,0,0.193197545,24.79726945,5.381239863,10.29369094,0,0.193197545
0,0,0,37.0572622,0.380900234,0.84959668,0,0
0,0,0,57.89259698,0,13.7879405,0,0
0,0,0,24.54941137,2.16511195,1.635670133,0,0
0,0,8.376863682,13.28020858,3.55112157,0,0,8.376863682
5.139536383,7.619182167,0,2.247502585,0,0,0,12.75871855
0,0,0,48.57496879,21.18956795,0,0,0
0,0,0,14.19730283,2.869707656,4.219970443,0,0
0,0,0,27.51380893,9.898657801,6.559939184,0,0
0,0,0,26.24490608,2.537624774,0,0,0
0,0.255972717,0,23.15633033,14.6691354,11.7105207,0,0.255972717
0,0.952966502,11.70665247,8.895039347,0,0,0,12.65961897
0,0,0,4.705942705,7.117725412,8.979407349,0,0
0,0,0,342.7129453,0,24.97394607,0,0
0,0,0,29.17218723,9.719708714,2.935660488,0,0
0,0,0,15.18687785,41.65106754,2.801801839,0,0
0,0,9.241583102,12.35924405,10.32329741,0.484333047,0,9.241583102
0,0.769822681,8.615436581,20.78615473,0,0,0,9.385259262
0,10.83900748,19.59927135,25.31334416,0,3.503901974,0,30.43827883
0,0,3.048929397,1.23601205,14.36052275,0,0,3.048929397
0,0,0,4.510439275,3.630100952,3.251055511,0,0
0,0,0,66.37603006,8.648312431,0.281438531,0,0
0,0.639932186,0,0.558085914,4.374383646,1.216420832,0,0.639932186
0,0,0,51.03428524,0,7.502798017,0,0
0,0,0,14.34761308,0,0,0,0
0,0,2.12323879,12.37025613,0,2.921365828,0,2.12323879
1.535787795,0,0,1.757690518,8.368920737,1.200470144,0,1.535787795
0,0.670011726,0,34.71459829,1.931516102,0,0,0.670011726
0,4.135412694,7.068523521,21.31289624,33.09382164,10.11683597,0,11.20393622
0,0,0,5.43651157,8.077220717,16.69411083,0,0
0,0,0,30.68716872,1.39992584,1.298914019,0,0
0,0.981035506,1.379130222,7.060808249,0.472399271,5.702679837,0,2.360165728
0,0,0,2.441759282,4.595921813,2.559327782,0,0
0,16.83328493,4.174825107,76.47373759,6.875980486,11.21783732,0,21.00811004
0,0,0,4.080454159,4.271291783,2.504084357,0,0
4.198382733,0,0,2.976685167,1.336057038,0,0,4.198382733
0,0,0,0.320910692,0,33.24148187,0,0
0,0,0,22.84371106,2.844738072,3.895195694,0,0
0,0,0,96.18446038,0,0,0,0
16.66430967,53.09616368,0,59.45756258,13.45924398,0,0,69.76047335
0,1.419906094,0,7.997550603,0.875818739,1.800335747,0,1.419906094
0,0.598928222,0,8.472549986,5.551632452,2.357452331,0,0.598928222
0,0,0,21.48514053,4.538905142,5.142266416,0,0
0,0.697429577,1.585283751,9.384849112,2.390453705,4.940091866,0,2.282713328
0,0,0,6.031545225,0.961310472,1.251480054,0,0
0,0,0,37.32338086,0,0,0,0
0,0,0,34.98663385,0,0,0,0
0,0,0,0.347802907,0,0.259764202,0,0
0,0,0.470383214,9.697862973,2.174852057,4.253688214,0,0.470383214
0,0,2.016640842,2.015252768,4.642512221,5.595185156,0,2.016640842
0,0,0,13.35830705,0,3.486676379,0,0
0,0,0,5.645834265,0.709696397,8.903583442,0,0
0,0,0,49.02076874,2.251127443,0,0,0
0,0,0.355866094,9.035301157,0,11.89005445,0,0.355866094
2.16596966,0,0,10.20100598,0.733640048,1.896066881,0,2.16596966
0,0,0,4.663907444,5.476028,7.927574065,0,0
0,0,0,48.43774944,8.305240888,0.268313485,0,0
0,0,0,78.07085606,0,0,0,0
0,0,0,32.34210892,0,2.677994297,0,0
0,0,0.115793086,13.62872795,0.567423337,0.25717642,0,0.115793086
0,0,0,21.16853814,0,0,0,0
0,0,0,34.7052464,0,0,0,0
0,0,0,18.53274287,0,18.13163179,0,0
0,0,0,73.34884525,22.68028245,0,0,0
0,0,0,6.836587017,0,1.172051503,0,0
0,2.010377468,3.269023278,22.40429337,0,8.016565627,0,5.279400746
0,0.703110807,1.709074796,19.62004791,2.334214787,3.018668373,0,2.412185603
0,0,10.5476861,36.74043199,0.334032773,5.457408889,0,10.5476861
2.79708914,0,0,0.402850644,2.553125771,0.872295581,0,2.79708914
0,44.45007568,0,147.5153678,7.405292433,4.03607967,0,44.45007568
0,0,0,198.9969908,0,0,0,0
0,0,0,53.26396532,0,0,0,0
0,0.9903863,12.29310625,10.85729266,0,0,0,13.28349255
0,0,0,20.04275807,2.022944199,1.506650198,0,0
0,0,0,2.957167642,0.941746896,27.33515725,0,0
0,0,0.807535861,3.555137274,2.044805198,0.278218778,0,0.807535861
0,0,0,9.46537307,3.840500428,0,0,0
0,0,0,7.468344595,0,0,0,0
0,0,0,11.88566256,1.99438818,0,0,0
0,0,0,3.543502404,3.514012211,2.927498453,0,0
0,0,0,54.79139871,0,15.11196437,0,0
0,0,0,10.54226598,1.431800872,1.767021412,0,0
0,0,0,0.632830397,11.65446462,1.625003166,0,0
0,0,0,16.73726169,0,8.117115063,0,0
0,0,0,3.435953363,0,18.99059791,0,0
0,0,0,61.3610329,11.62015085,6.179723975,0,0
0,0,0,18.83996346,0,0,0,0
31.64983346,14.08702992,0,20.88089712,0,0,0,45.73686338
0,0,0,35.35356141,6.509434461,0,0,0
0,0,0,2.427502361,7.423621147,1.039813772,0,0
0,0,0,1.204389709,0.349762397,9.157992613,0,0
0,0,0,26.72580028,0,0,0,0
0,0,26.82734068,21.5473561,0,0,0,26.82734068
0,0,0,47.50598504,0,0.794205688,0,0
0,0,23.50421558,16.25994074,7.687955661,5.71453558,0,23.50421558
0,0,0,40.4992675,0,0,0,0
0,0,0,28.5077522,0,0,0,0
0,0,0,119.0346554,0,0,0,0
0,3.320681292,0,23.12428476,23.44071093,1.435629983,0,3.320681292
0,0.986165316,0.858349827,8.420669766,0.801130363,1.233533807,0,1.844515143
0,0,7.520059539,20.98480948,2.800016595,0,0,7.520059539
0,0,0,42.01099085,0,0,0,0
0,5.945235069,0,4.516232952,0,4.848458666,0,5.945235069
0,0,0,10.71845256,0,0,0,0
0,0,0,311.6379465,0,0,0,0
0,0,0,34.36873794,0,0,0,0
0,0,0,58.210281,9.754915208,0,0,0
0,3.486291191,0,11.89570554,0,1.46324893,0,3.486291191
0,0,0.667350453,79.65566117,0.671478831,0,0,0.667350453
0,1.590682888,0,5.845348423,1.511313104,1.59606185,0,1.590682888
0,0,0,38.60494364,8.627493058,3.631995021,0,0
0,0,1.111335396,16.65702499,2.845204415,1.355286928,0,1.111335396
0,0,0,25.27107899,6.904960814,0,0,0
0,0,8.015659685,107.1792065,0.908884214,0,0,8.015659685
0,0,0,25.17203593,0,32.00169324,0,0
0,1.266748543,0,3.913089163,3.363419239,1.000151943,0,1.266748543
9.483491932,0,0,23.69539827,0,0.176423823,0,9.483491932
0,0,0,46.94476773,6.565352754,4.747616635,0,0
0,0,0,47.11479579,0,7.228100968,0,0
0,0,0,712.0869777,16.90177509,0,0,0
0,0,0,2.582224037,5.694842589,1.616171043,0,0
0,0.606855598,0,273.9775909,0,1.255815793,0,0.606855598
0.575858631,1.530883029,0,5.093703163,2.247175537,1.764494981,0,2.10674166
0,0,0,5.476767283,3.223957451,0.437142676,0,0
0,0,5.781456652,184.8422032,28.12450156,0,0,5.781456652
0,0,2.887343738,15.48952222,23.92441362,6.223223109,0,2.887343738
0,0,0,4.724250126,0,4.502433997,0,0
0,0,0,26.93863675,0,0,0,0
0,0,0,2.48015794,3.141598632,2.841944841,0,0
0,0,0,40.49848003,15.05312997,15.843817,0,0
0,0,0,14.76137964,0,2.088123311,0,0
0,0,10.74533261,98.05585009,0,0,0,10.74533261
0,0.528264039,0,1.510734814,0,0,0,0.528264039
0,0,0,51.74489734,3.680767486,0,0,0
0,0,0,35.58339474,0,0,0,0
0,0,0,5.401511927,0,11.28715988,0,0
0,0,0,33.40026893,0.670622638,0,0,0
0,0,0,405.3719345,2.60508558,0,0,0
0,0,0,58.1025853,7.929089508,0,0,0
0,0,0,92.23755211,0,7.737715407,0,0
0,0,0,54.21639211,0,0.631025,0,0
0,0,0,6.71723979,7.325089395,1.526402172,0,0
0,0,0.88881111,2.793508681,2.345292392,0.251416744,0,0.88881111
0,0,0,0.901117761,0.13024399,15.04924759,0,0
0,0,0,1.714316817,0.902460294,2.878570619,0,0
13.97441585,0.420840171,0.592743076,2.548898444,2.43850801,0,0,14.9879991
0,2.339134617,1.669313123,14.00181912,0,8.884389949,0,4.00844774
0,0,0.422311001,0.891171723,0.337228328,0,0,0.422311001
0,0,22.99004313,3.20928733,2.617098927,0,0,22.99004313
0,0.463787503,0,1.477193694,0,0,0,0.463787503
0,0,0,4.315458688,6.460802667,11.86685566,0,0
0,0,0,17.71431308,2.258223236,0.676978852,0,0
0,0,2.789276955,0.496114527,12.05718319,3.199449244,0,2.789276955
0,0,0,480.6909121,0,0.740644676,0,0
0,0,0,60.04315716,2.301102818,0.826438212,0,0
0,0,0,18.0512921,0,0,0,0
1.643944863,2.607578852,0.91962237,27.66938651,7.21368745,2.894960181,0,5.171146085
0,0,0,42.85147123,8.172849981,0.247716366,0,0
0,0,0,44.14265908,6.798133631,0,0,0
0,5.61136558,6.069144964,27.80596854,21.18294661,12.5707622,0,11.68051054
0,0,0,6.406126379,17.04639663,18.49181663,0,0
0,0,0,39.33198773,0,0,0,0
0,0,0,281.6747899,0,0,0,0
0,0,0.403866864,2.948244101,7.537244546,0.913186902,0,0.403866864
0,0,0,230.9230398,0,0,0,0
0,0,18.07713216,6.807316948,2.564640076,2.368008875,0,18.07713216
0,0,0,23.88571808,0,0,0,0
0,0,0,4.178851997,0,1.323147019,0,0
2.268220051,0,0,19.11868039,0,0,0,2.268220051
0,0,0,5.073422002,9.28213312,2.741701557,0,0
0,0,3.02035158,5.150659602,0.527406607,11.09953839,0,3.02035158
0,0,0,5.933472436,0,5.871210439,0,0
0,0,0,1.535229598,0,0,0,0
0,0,0,3.858966833,1.802119188,0.702664589,0,0
1.676974785,0,0,2.602670689,5.421711866,5.859993476,0,1.676974785
0,0,0,6.141287612,7.675777156,0.321373236,0,0
0,17.13914043,0,15.73990757,26.08107978,0.946254787,0,17.13914043
0,0,13.83024595,13.01933573,2.400639833,3.2323569,0,13.83024595
0,0,0,6.485380609,2.642282502,0.703957302,0,0
0,0,0.521117878,15.11732335,1.405820776,1.769493932,0,0.521117878
2.472153801,0,0,18.25675084,0,0,0,2.472153801
0,0,0,1.035077898,0,9.761266799,0,0
0,2.124813151,0,2.12137143,0.931628215,0,0,2.124813151
0,0,0.891933478,1.324588071,2.135464813,0.265623451,0,0.891933478
0,0,0,69.32663221,5.196323594,0,0,0
0,0,0,106.0886727,1.212942082,0,0,0
0,0,0,18.39544458,26.90800077,19.17980314,0,0
0,0,0,12.39281786,0.418393821,5.444788467,0,0
0,0,0,40.49159072,0,0,0,0
0,0,3.30181489,1.637987076,18.78744441,0,0,3.30181489
1.605667935,2.18647752,1.233147978,9.516920936,7.809260063,3.543470484,0,5.025293433
0,0,0,51.27579812,20.74679631,8.026112509,0,0
0,0,0,7.526735315,2.316042557,0,0,0
0,5.700075906,0,72.47905144,0,0.657351385,0,5.700075906
0,0,0,1.71614006,0.227253192,22.37321871,0,0
0,0,1.481823667,33.59698501,0,0.650695234,0,1.481823667
0,0,0,214.9987597,0,0,0,0
0,0.509773206,2.502078369,1.105788554,0.557667493,13.40589327,0,3.011851575
0,18.0068331,0,15.5225352,24.74595679,1.379051448,0,18.0068331
0,0,17.13579906,24.00312263,0,0.278762034,0,17.13579906
0,0,0,23.95088853,9.597304559,5.896710932,0,0
0,0,0,234.1198995,26.9112318,5.499424123,0,0
0,0,0,32.72342382,0,5.799546209,0,0
0,0,0,17.53129773,1.981518234,5.001320765,0,0
0,0.540792045,0,3.385900196,0,0,0,0.540792045
0,0,0,29.53988739,2.300738048,0.753024276,0,0
0,8.136805048,4.042115636,7.521904746,0,0,0,12.17892068
0,0,0,2.388441196,0,5.063576907,0,0
0,0,0,10.505737,0.815108487,1.149480037,0,0
0,0,0,31.34053766,0,0,0,0
0,24.59109223,0,5.937207297,0,0,0,24.59109223
0,0,0,0.672680157,0.930046862,0,0,0
0,0,0,26.97167452,9.396747304,0,0,0
0,0,0,13.97220774,2.363691958,3.126640946,0,0
0,0,0,474.374766,0,0,0,0
0,0,0,16.30041876,13.61744835,6.836474202,0,0
0,0,8.502240947,5.834554108,2.625450865,2.704454596,0,8.502240947
0,37.58488829,0.617165612,3.322139715,3.081507718,0.195712972,0,38.2020539
13.09686893,0,0,1.663732176,6.827053482,0,0,13.09686893
0,0,0,85.80309772,0,0,0,0
0,0,1.779828339,12.86756356,0,3.013569535,0,1.779828339
0,0,6.149110215,186.8619141,0.6570367,0,0,6.149110215
0,0,0,8.632220983,0,0,0,0
0,19.03803179,0,8.981648881,25.14818878,1.363367482,0,19.03803179
0,0,0,4.645508043,3.043653641,3.274675,0,0
0,0,0,741.0138319,0,1.768619806,0,0
0,0,0.346600197,2.020919974,0.395848213,9.665144575,0,0.346600197
0,0,0,8.694278131,15.87519486,18.8367586,0,0
0,0,0,65.4308863,0,0,0,0
0,0,0,9.064954105,0,0,0,0
0,0,0,276.6936758,0,6.807306459,0,0
0,0,0,28.7991423,0,2.249558084,0,0
0,10.94859727,0,10.04513357,0.590646975,0,0,10.94859727
0,0,0,14.58512436,1.961113273,14.08444068,0,0
0,0,0,25.32634527,0,0,0,0
0,0,0,29.98326274,1.139204321,7.555025658,0,0
0,0,0,66.45631038,1.02136277,1.138276577,0,0
0,0,0.504331348,29.82832779,3.990665448,0.56128979,0,0.504331348
0,0,0,19.73888455,27.77931643,0,0,0
0,0,0,52.96202637,0,0,0,0
0,0,0.185213105,14.24488918,0,14.82330971,0,0.185213105
0,0,0,2.587494418,0.204273925,0,0,0
0,0,0,78.9896937,0,0,0,0
0,0,0,1.881359406,0.376036817,3.314443292,0,0
0,0.755613146,0,110.0794061,0,1.36372336,0,0.755613146
0,0,0,455.7585459,2.497714626,4.255293729,0,0
0,0,0,5.849126718,0,0,0,0
0,0,0,1.843601796,0,0.232380156,0,0
49.574901,18.59193028,0,32.27738473,13.12174097,9.912536318,0,68.16683128
0,0,0,57.57026297,7.576565981,0,0,0
0,0,0,54.64831168,6.457948861,0,0,0
0,0,0,39.14034191,12.87113323,0,0,0
0,0,0,4.562424846,3.85207256,3.246781949,0,0
0,0,0,23.52567606,0,0,0,0
0,0,0,27.81513127,9.452355253,8.490668368,0,0
0,0,0.636941319,7.100942066,0.571236951,2.553468664,0,0.636941319
0,0,0,11.77956455,0,0,0,0
0,0,0,10.52788038,8.192632329,2.445895139,0,0
0,0,0,0.714359454,0,0,0,0
0,0,0,47.52848126,0,0,0,0
0,0,13.85698041,13.33994703,0,0,0,13.85698041
0,0,0,5.889530378,0,0.623545253,0,0
0,0,0,18.44980105,0,2.607179708,0,0
0,0,0,1.274501617,0.155001205,16.44961349,0,0
0,0.863742819,1.579628599,16.55139148,0.479527128,4.94805823,0,2.443371418
0,0,0,331.6471105,18.81811486,1.867391141,0,0
0,0,0,1.035293301,20.83556288,6.06776019,0,0
0,0,0,3.894778395,8.851798902,0,0,0
0,0,0,16.33479298,12.74068886,0,0,0
0,0,0,20.2713234,0,15.37058226,0,0
0,0,0,15.47373324,0,0,0,0
0,0,17.76663269,115.4821621,0,0.627025047,0,17.76663269
0,4.967599581,8.118118816,7.318058312,22.76635119,7.647063083,0,13.0857184
0,0,0,1.583641132,0.239772882,22.75714682,0,0
0,4.07645959,8.225702717,16.53516189,0,0.564520405,0,12.30216231
0,0,18.29270779,0.930360372,1.579588197,1.953313077,0,18.29270779
0,0,0,24.50849943,0,0,0,0
0,0,0,9.490947008,1.492027281,1.097272128,0,0
0,0,0,49.55721403,9.86635948,0,0,0
0,0,0,6.194043781,17.48271092,9.236744548,0,0
0,0,0,6.482940657,0.673448978,1.725775261,0,0
0,12.78730868,2.098036929,34.30288556,20.24415161,13.99958323,0,14.88534561
0,0,0,14.68539225,5.630841746,7.12061097,0,0
0,0.887716693,0,2.91451474,6.858953446,2.836527495,0,0.887716693
0,0,0,13.88323654,0,0,0,0
0,0,0,39.25068311,0,0,0,0
0,0,7.934607206,12.55978483,0.989507096,0,0,7.934607206
0,0,0,34.28767209,2.187303077,10.72077647,0,0
39.34622707,0,0,1.680852575,0,0,0,39.34622707
0,0,0,36.11441521,0,2.682382428,0,0
0,0,0,8.352968305,0,0,0,0
3.92427141,1.568212237,1.23978968,11.70366969,3.899933746,4.033706913,0,6.732273327
0,0,0,23.89613095,0,3.622146106,0,0
0,0,2.455235474,8.835132662,2.780217,5.048610339,0,2.455235474
0,0,0,35.80139931,10.33957754,6.497931809,0,0
0,0,0,4.812274689,8.723872624,0,0,0
0,0,0,7.665103855,1.468748708,1.637217733,0,0
0,0,0,6.588407682,0,0,0,0
0,0,6.221260303,18.37419035,0,0,0,6.221260303
0,2.39125841,0.529269568,6.302703559,1.843728123,2.838035322,0,2.920527978
10.72778146,0,10.7704901,12.12671095,0,0,0,21.49827156
0,0,0,4.484062348,6.715311291,12.65455652,0,0
0,0,0,4.873587614,0,1.945144614,0,0
0,0,0,31.81758447,2.409460024,0,0,0
0,0,0,0.403460365,0.852300977,30.31124041,0,0
0,0,0,20.64201305,0,2.688562504,0,0
0,2.473003113,0.476887637,6.304359646,3.13780185,2.541051389,0,2.94989075
0,0.57763015,0,160.4984466,0,1.230782766,0,0.57763015
0,0,0,9.317329428,0,2.012915428,0,0
0,0,9.493255113,46.35082498,0.99136969,0,0,9.493255113
0,0.662065675,0,0.52923641,1.570247314,2.583563419,0,0.662065675
0,0,0,51.57099538,20.27219317,0,0,0
0,0,0,3.110353258,0,1.568360941,0,0
0,0,0.490023238,14.51794251,1.337619583,1.76208386,0,0.490023238
10.92595753,0.900652505,1.205198418,5.205045303,3.059730256,6.484994539,0,13.03180845
0,0,0,24.10686068,0,0.726973648,0,0
0,0,0,20.82820557,0,0,0,0
0,0,0,70.45157594,0,0,0,0
0,0,0,7.428177076,0,4.683373655,0,0
0,0,0,35.37676627,2.11963794,3.525749613,0,0
0,0,0,7.794631987,2.599492993,6.906469044,0,0
0,0,0,0.705253339,0.896083008,0,0,0
0,0,0,43.77247496,0,0.599538221,0,0
0,0,2.146925113,64.84477665,0,0.299707125,0,2.146925113
0,0,0,3.234881038,0,6.750685826,0,0
0,0.285753429,0,24.72043565,6.039441087,16.71182485,0,0.285753429
0,0,0,30.13178847,0,0,0,0
0,0,10.61223663,21.66718561,31.34686858,5.07534665,0,10.61223663
0,3.907858999,0,0.960702815,19.77842557,0,0,3.907858999
0,0,0,453.9385158,6.525354157,2.773068219,0,0
0,0,0,57.38829741,0,1.256458895,0,0
22.56227641,52.84750372,0.3581371,30.10007907,16.48229444,0,0,75.76791723
0,0,0.567388331,13.06227523,1.316883025,3.371117097,0,0.567388331
0,0,0,9.346495853,20.47339632,1.62817059,0,0
0,0,0,4.978206749,0,5.780526333,0,0
0,0,0,196.5503944,0,0,0,0
0,0,0,7.386848594,0,0,0,0
0,0,0,4.835852386,5.605690188,0.892042307,0,0
0,0,0,34.56223439,0,0,0,0
0,0,0,18.49812344,0,0,0,0
0,0,0,15.37171888,4.68469734,5.417528784,0,0
0,4.417996573,0,72.86563079,0,1.691115951,0,4.417996573
5.228075259,0,1.022494774,14.93639342,8.247636197,3.547753622,0,6.250570033
0,0,0,6.536477349,5.627586479,1.338879215,0,0
0,0,0,9.797820143,6.103472116,1.025025568,0,0
0,0,0,0.480332572,0,0,0,0
0,0.71937572,0.919871068,7.998659805,4.568927553,1.430844951,0,1.639246788
0,0,0,41.50678356,0,8.917509075,0,0
0,0,0,35.97301679,0,1.079582494,0,0
0,0,0,82.71842607,0,0,0,0
0,0,0,11.43656643,2.435726803,6.389101949,0,0
0,0,0,3.611137026,4.428150729,0.23132544,0,0
0,0,0,24.01386453,1.550895369,4.172501712,0,0
0,0,0,217.071759,0,10.03985593,0,0
0,0,0,27.23508882,6.645808546,0,0,0
0,0,0,12.08097304,5.52578021,0.574880152,0,0
0,0,0,5.914721493,6.607848274,11.8686962,0,0
0,7.728903042,4.879298527,66.37037773,18.29799822,20.30644683,0,12.60820157
0,0,0,61.19932931,0,0,0,0
0,0,0,22.22834436,2.696825727,3.921936677,0,0
0,0,0,14.19376365,0,0,0,0
0,19.58624359,0,15.56926525,10.0973249,11.11444893,0,19.58624359
0,24.03869751,0,2.950385222,0,0,0,24.03869751
0,6.203544267,0,2.742860755,0,0,0,6.203544267
0,0,0,641.0822719,7.424596858,6.276471323,0,0
0,0,0,36.33174726,15.7380734,0,0,0
0,0,0,6.379920192,2.475177205,0.613308052,0,0
0,0,0,18.59594806,0,33.12464335,0,0
0,0,0,95.70714863,1.935693214,1.231516578,0,0
0,0,0,33.29483632,9.080869441,0,0,0
0,7.969220593,5.151241416,53.58787009,0,5.183284075,0,13.12046201
0,0,0,8.823143616,6.041707615,1.751409122,0,0
0,0,0,16.06144552,2.365769394,0.636124484,0,0
0,0,10.86671497,3.932612086,27.47624568,6.109852649,0,10.86671497
0,0,0,1.822776836,0,0,0,0
0,0,0,7.415785699,1.789628542,2.892923106,0,0
0,0,0,76.11114309,1.804382945,1.299048628,0,0
0,0,0,12.02395305,0,0,0,0
0,23.36652675,0.812493059,25.60980727,0,0,0,24.17901981
0,0,36.67854992,5.812181412,0,1.684713969,0,36.67854992
0,0,0,2.112717553,8.99366883,0,0,0
0,0,0,101.5327564,0,0,0,0
0,0,0,4.106065408,1.947415722,4.382992067,0,0
0,0,0,1.398700849,0.98576707,26.96701448,0,0
0,0,0,52.38899229,23.27014974,5.189201464,0,0
0,2.548207241,26.74680492,31.39564335,21.40265071,0.47784983,0,29.29501216
0,0,0,18.63977382,34.59513106,0,0,0
0,0,0,20.10106793,0,0,0,0
0,2.314800674,0.543849906,8.072694316,2.039790301,2.72492428,0,2.85865058
0,0,0,58.36345367,0,12.21180429,0,0
0,0,0,3.762523556,1.347855578,3.788113547,0,0
0,0,0.471538879,14.23420147,0.912762574,2.053317719,0,0.471538879
0,0.80040793,0.984374723,13.00810013,0.786527585,1.288422545,0,1.784782653
0,0,0.767828587,2.031890793,0.310966787,3.345047286,0,0.767828587
0,0,0,24.6901842,1.60312793,1.229306294,0,0
0,0,0,5.847662834,6.000327408,0,0,0
0,0.909766977,1.384175998,6.771817668,2.062166864,4.175163107,0,2.293942975
0,3.021965928,0,1.713910366,2.268000372,15.87773679,0,3.021965928
0,0,0,83.54745743,0,10.23282732,0,0
0,0,0,1.440267645,0.179191843,25.21423672,0,0
0,0,0,8.419558956,0,2.66448185,0,0
0,0,0,1.80486489,3.364022002,9.271489564,0,0
0,0,0,11.63054685,1.258422184,1.180753523,0,0
5.806719473,0.488077137,1.119697242,11.13361216,7.605329825,3.353197193,0,7.414493852
0,0,0,51.41494195,0,0,0,0
0,0,0,1.619148176,0,0.0494389,0,0
0,0,0,0.862164748,22.27016187,0,0,0
0,0,0.20651663,94.88671793,5.884486295,17.81992689,0,0.20651663
0,2.458027533,0.525671522,10.83902463,0,9.331403272,0,2.983699055
0,0,0,14.5020477,1.282926345,0,0,0
0,0,0,5.509896745,0,0,0,0
0,0,3.23649608,0.704818998,21.02501332,0.31544188,0,3.23649608
124.5407543,0,0,1.068019051,0,0,0,124.5407543
0,0,0,3.121778553,0.140340591,19.42820786,0,0
0,0,0,3.912437546,4.801405992,12.28482808,0,0
0,0,0,13.34549,0,0,0,0
0,0,3.705051079,41.01582425,0.607302993,0.29958031,0,3.705051079
0,0,0,69.40479389,0,0,0,0
0,0,0,5.484601766,0,0,0,0
5.243330491,2.961594679,0,8.074992613,0,6.244262595,0,8.20492517
0,0,0,2.633145489,0.143462634,0,0,0
0,0,0,12.80666843,0,0,0,0
0,0,0,5.904525378,0,10.57603093,0,0
0,19.28621884,0,18.11036289,4.204253737,1.043648702,0,19.28621884
0,0,0,271.280453,0,1.630955839,0,0
0,0,0,24.0474772,9.374073454,3.098815659,0,0
0,0,0,53.51493022,0,0,0,0
0,2.095944943,0.552366209,12.34212699,2.52383309,1.365434859,0,2.648311152
0,0,0,85.86633245,0,4.712961306,0,0
0,0,0,10.84050945,5.297879875,0,0,0
0,0,0,85.9433244,12.37035238,0,0,0
0,0,0.234756705,5.325214335,0.471847882,0,0,0.234756705
0,0,0,1.141466401,0,3.023492016,0,0
0,0,0,16.67538113,0,2.194761387,0,0
0,0,20.49246186,15.81534031,0.714373383,2.152698949,0,20.49246186
0,0,0,17.10666614,0,0,0,0
0,1.140588272,1.71268201,21.64490476,15.62851177,0.44234938,0,2.853270282
16.42074803,0,0,8.78010742,0,0,0,16.42074803
0,0.772303162,0,0.600855,6.192313241,0.32814095,0,0.772303162
0,0,0,73.49830922,0,0,0,0
0,1.895372308,0,12.68206426,0,0,0,1.895372308
0,0,0,19.4021283,0,0.706173429,0,0
17.61397519,0,0,1.41206466,0,0,0,17.61397519
0,0,0,4.397843084,3.093808803,1.246286989,0,0
0,0,1.024350192,2.11848028,2.530221499,1.39515396,0,1.024350192
88.51261429,8.831530968,0,58.69384207,9.166583123,0,0,97.34414526
0,0,0,139.1844358,10.15225165,0,0,0
0,0,0,8.07754713,1.731975288,3.351358484,0,0
0,0,0,15.2951577,4.100943431,5.108816561,0,0
0,14.10157638,14.4598879,8.906866819,0.294760311,0.309462662,0,28.56146428
0,0,0,5.187595026,0,2.234932461,0,0
0,0,0,0.858851011,0.913515246,3.322901666,0,0
0,0,0,30.2483726,0,0,0,0
0,0,1.7620336,8.779061444,1.432651848,1.528999705,0,1.7620336
0,0,8.943484031,7.238996843,2.684644132,2.571905053,0,8.943484031
0,0.770182329,0,2.072113609,3.864112081,6.570296056,0,0.770182329
0,0,0.226737859,41.4589319,12.31198751,0.52329595,0,0.226737859
23.12118823,33.54848709,0,3.125595608,11.02214179,0,0,56.66967532
0,0,0,55.4649087,2.25281266,4.678802069,0,0
0,0,0,107.1039628,6.429895736,0,0,0
1.671422,0,0,3.815826695,5.502146547,5.827706166,0,1.671422
0,33.7992456,3.132171909,66.70280438,0,11.571251,0,36.93141751
0,0,0,0.270736007,29.80325417,0,0,0
0,34.54514319,3.127396169,163.3517376,14.87993784,0,0,37.67253936
0,0,14.26670212,1.8331807,0.628784461,0,0,14.26670212
0,0,0,7.385883877,0.468736399,1.548485152,0,0
0,0,0,18542.84389,6.554879092,2.738821763,0,0
0,0,0,44.17453067,0,0.694594612,0,0
0,0,0.236243962,45.21203672,14.80849805,0,0,0.236243962
0,0,0,22.00088784,0,0,0,0
0,1.461521222,0,137.3184558,0.458874721,0,0,1.461521222
0,0,0.238151988,44.57670058,13.85555236,0.512331064,0,0.238151988
0,0,0,242.9454196,10.76378876,2.862599322,0,0
0,0,0,3.620078049,0,8.300909644,0,0
0,0,0,21.46104047,0,2.023606859,0,0
0,33.53833466,3.121258856,64.09363978,0,11.3528739,0,36.65959352
9.298266077,12.75940007,0.278747364,38.30167576,10.38910736,17.27380822,0,22.33641351
0,2.690098183,0,11.78998956,2.049093777,2.695923885,0,2.690098183
0,0,0.719319486,7.840241839,0.885138795,2.809306427,0,0.719319486
0,0,0,10.16902699,24.13168632,2.531422223,0,0
0,0,20.65297937,16.8310523,0,0,0,20.65297937
0,0,0,26.86519888,0,0,0,0
4.098032385,0,0,6.02203039,0,12.78346155,0,4.098032385
0,0,0,7.017657128,0,2.352262515,0,0
0,2.994411663,1.807585313,8.476924091,0,16.19621,0,4.801996976
0,0,0,0.856064657,4.590598559,3.689165028,0,0
11.00862161,0.353667601,2.508819055,7.155226754,0,0,0,13.87110827
0,0,3.369753345,5.434507864,0.729431496,0,0,3.369753345
0,0,0,13.10812663,0,14.82966133,0,0
0,0,0,42.61110111,14.80142009,19.92215676,0,0
0,0.377846077,0,11.54806554,13.40494246,9.295794873,0,0.377846077
0,0,0,11.37050051,0,11.52187226,0,0
0,0,2.637202213,0.429927961,13.76965156,2.533110121,0,2.637202213
0,0,0,4.61860074,0,10.76176101,0,0
0,0,0,45.42601812,0,9.511649816,0,0
0,0,0,97.75117463,0,6.66877438,0,0
0,0,1.913244144,42.82412676,0,3.062214484,0,1.913244144
31.68065753,0,0,84.76158636,4.745924527,1.710305935,0,31.68065753
0,0.789184326,10.5631276,22.42791992,0,0,0,11.35231193
0,0,0,6.46733987,2.317306957,3.120035496,0,0
0,0,0,19.30086438,14.90394975,0,0,0
0,0,0,267.1235795,0,11.56199162,0,0
4.224841434,0,0,0.968387039,3.26984573,10.62588722,0,4.224841434
0,0,0,20.04211026,2.115377612,2.52426671,0,0
0,1.728544913,0,2.678432281,0,9.937805573,0,1.728544913
0,0,0,8.824053319,5.04500514,2.448669004,0,0
0,0,0,33.89327994,0,0,0,0
0,0,0,260.2203087,26.26167469,5.518822721,0,0
0,0,1.462755793,35.30522123,0,0.691399281,0,1.462755793
0,0,6.872172793,14.0844338,2.144054604,0,0,6.872172793
0,0,0,68.90304551,0,2.38779147,0,0
0,0,0,45.32488004,0,0,0,0
0,0,0,27.31792475,0,0,0,0
1.643255439,1.005151412,0,18.02394759,0,11.3948868,0,2.648406851
0,0,0,36.72289756,0,0,0,0
0,0,0,77.85745944,0,0,0,0
0,0,27.60661693,24.62973722,0,6.189555456,0,27.60661693
0,1.197024751,0,24.50624633,2.702147824,1.322772622,0,1.197024751
0,0,0,35.76482696,0,1.585631806,0,0
0,0,0.165776306,40.4505723,0,0,0,0.165776306
0,0,0,1.452520634,6.726422822,0.9703784,0,0
0,0,0.190386605,49.60158482,7.186684155,18.66535691,0,0.190386605
0,6.181284586,0,13.53004029,0,4.963687637,0,6.181284586
0,4.561905743,8.741953914,45.54980904,0,0.558657661,0,13.30385966
0,0,0,0.235075521,0,0.226186369,0,0
0,0,0,32.84106348,0,0.688009999,0,0
0,0,0,276.3508457,0,0.373228562,0,0
0,0,0,87.72666308,0.243662142,3.171319727,0,0
0,0,0,30.23450352,0,0,0,0
0,36.44661206,1.658734478,293.0682299,16.05674026,0,0,38.10534654
0,0.518624977,0,41.87776264,0,0,0,0.518624977
0,0,0.630414288,6.626880506,0,0,0,0.630414288
0,0,0.747713281,4.479218278,0,0,0,0.747713281
0,0,0.476283855,1.760396549,0,11.33043063,0,0.476283855
0,0,0,11.35301127,4.170153441,0,0,0
0,0,0,16.30202859,1.294766064,0,0,0
0,0.262285459,0,6.686476407,0,0,0,0.262285459
0,0,0,64.98205118,0,7.247946141,0,0
0,0,0,45.42377784,0,0.09048741,0,0
2.791583254,0,0,0.95480621,4.514690741,8.741832672,0,2.791583254
0,34.26793385,1.57642855,185.3463401,11.28692033,9.050812003,0,35.8443624
0,0,0,12.98007294,4.016864341,4.764377236,0,0
0,0,0,6.230125789,0,4.228294298,0,0
0,7.181114701,0,13.35283744,0,0,0,7.181114701
0,0,0.678698055,117.7935674,0.650937428,0,0,0.678698055
4.029681654,2.928723353,0,9.913993926,0,6.581588752,0,6.958405007
0,1.007372584,3.421533757,38.82761362,0,0,0,4.428906341
0,0,0,10.17698507,0.368767897,1.448726234,0,0
0,0,0,7.811615564,2.623920084,7.017503135,0,0
2.307187,0,0,0.752525987,8.787428237,0,0,2.307187
0,0,0,16.93742236,1.992319353,14.38105418,0,0
0,0,0,0.512005222,0,0.265225603,0,0
1.201955401,0,1.376238585,6.640519409,1.390774005,6.76200415,0,2.578193986
0,0,0,55.85825456,0,2.179747484,0,0
0,0,0,28.28071664,0,1.491547373,0,0
0,0,0,13.29226925,0,6.499597315,0,0
7.604436082,0,0,33.98274978,0,0.595211116,0,7.604436082
0,0,0,45.08355936,2.2652562,0,0,0
0,0,0,0.566559409,1.331261452,0,0,0
0,0,0,3.84738944,0,1.898467196,0,0
6.351621549,0.484050433,1.048213559,10.75076942,7.088492492,3.079490744,0,7.883885541
0,1.861372352,0,1.819719142,0.967441778,0,0,1.861372352
0,0,0,13.93473678,0,0,0,0
82.36546411,16.44806936,0,100.7248845,11.04634278,0,0,98.81353347
0,0,0,72.00414011,9.288214351,3.023389212,0,0
0,0,3.355810288,23.37690583,0.70931288,1.827358025,0,3.355810288
0,0,0,85.74018788,0.520544724,1.899490637,0,0
0,0,0,26.9994024,7.936412115,0.260076416,0,0
0,0,0,7.41035677,6.533205515,0.062446985,0,0
0,0,0,326.5207336,0,0,0,0
0,4.344160898,0,0.624321052,9.751671619,0,0,4.344160898
0,0,0.446815005,33.01371685,0,0,0,0.446815005
0,0,0,2.588011327,3.400709784,2.103306154,0,0
0,0,0,3.480829277,0,0,0,0
0,0.306779906,7.34410296,20.42786844,2.408825559,1.185500459,0,7.650882866
0,0,0,5.103357906,0.327577809,3.470159443,0,0
0,0,0,42.28032664,33.21256752,3.508199411,0,0
0,36.35645108,0.603174525,3.570094453,3.161422182,0.195798174,0,36.95962561
0,0,0,63.85887757,3.65080298,5.041008027,0,0
0,0,0,40.80687088,5.719621263,5.058598182,0,0
0,0,0,34.83693605,0,7.360406504,0,0
0,0,0.245744017,38.38176997,0.227470342,15.5189244,0,0.245744017
0,0,0,58.68090722,1.490310648,7.648593733,0,0
0,0.643714518,1.704510885,1.640715976,6.016911746,3.376858101,0,2.348225403
0,0,0,14.6285245,0,0,0,0
4.519526939,0.566972218,1.005325942,12.89720195,8.372137362,3.577407728,0,6.091825099
0,0,1.467452508,37.81628274,0,0.952380957,0,1.467452508
0,0,11.85900904,11.71473531,25.59573347,7.447379487,0,11.85900904
0,0,0,27.87889506,0,0.542392671,0,0
0,0,0,3.495681021,7.919931773,0,0,0
0,0,0,24.80306072,0,3.663743079,0,0
0,14.89797974,17.61784769,71.61464143,16.04194167,0,0,32.51582743
0,11.07905588,20.21993687,5.668106617,8.092691278,2.991401723,0,31.29899275
0,0,5.32086937,3.089956661,12.63679508,0.494194963,0,5.32086937
0,0,9.675232113,30.16488223,14.08779554,21.00977649,0,9.675232113
0,0,0,5.738034528,0,6.925255693,0,0
0,0,0,41.8778066,0,0,0,0
0,0,0,2.597482443,10.91281889,10.62365445,0,0
0,0,0,52.96252334,0.78050603,5.057736067,0,0
0,0,0,20.41771867,4.737606995,3.202206119,0,0
0,0,0,107.0792488,0,0.734987355,0,0
0,0,0,157.4609322,28.98603578,0,0,0
0,0,4.888928569,4.069745408,0,5.99731222,0,4.888928569
0,0,3.086445734,0.591350659,15.10692995,7.499669698,0,3.086445734
0,0,0,36.86256271,0,2.415262922,0,0
0,1.880844697,0,12.45397523,1.805140179,1.079327535,0,1.880844697
0,0,16.28558627,11.68038804,0.686978102,2.256077619,0,16.28558627
0,0,0,3.64088912,7.848132484,3.382162388,0,0
0,0,0,4.458243798,0,0,0,0
0,0,0,6.378205264,2.281550998,3.545109071,0,0
0,29.6714947,0,2.867496276,0,0,0,29.6714947
0,0,0,4.691309905,1.106357206,2.526960786,0,0
0,0,0,38.00471213,1.959476404,4.944194468,0,0
0,0,0,4.392593795,0,0,0,0
0,0,0,14.00379501,25.59000969,0,0,0
0,0,0,74.04563423,0,0,0,0
0,0,0,29.50649151,25.52596168,0,0,0
0,0,0,89.02854231,11.27547293,6.691794894,0,0
0,0,0,4.52992193,0,0,0,0
0,0,0,46.83190018,12.1747357,0,0,0
0,0,0,1.500991494,1.345878068,0.613781964,0,0
0,0,0,51.41534458,0,0,0,0
0,0,0.400151007,6.078321207,0,15.44355346,0,0.400151007
0,0,0,459.1155008,0,25.21786744,0,0
0,0,0.397561868,2.582984131,7.363445341,0.940201239,0,0.397561868
0,0,0,3.828578503,0,0,0,0
0,0.61964112,0,6.843376495,4.422576606,2.669205027,0,0.61964112
