num,x,y,spp,dbh01,dbh04,hgt,crd1,crd2,crd3,crd4,crd5,crd6,crd7,crd8,crd9,crd,kabudachi,death
1,2.971934265,8.798670724,lc,13.11436731,0.0,9.0,0.0,27.681882030488097,0.0,0.0,7.1823884044305215,0.0,0.0,1.9648968375189755,3.2516266633180098,40.0807939357556,0.0,0
16,5.112872629,4.97445664,lc,22.98197378,0.0,9.8,0.0,0.0,0.0,5.521033019744915,11.22297227913278,0.0,0.0,0.12960708286028308,1.5946487552892983,18.468261137027277,0.0,0
17,9.484544485,3.861603987,lc,12.47774754,0.0,9.4,0.0,0.0,0.0,0.0,5.094547187947008,0.025365408669825396,2.908473733184386,6.626715594384556,5.326202357847512,19.981304282033285,0.0,0
18,9.983803476,12.31994346,lc,9.708451529,0.0,7.6,0.0,0.0,0.0,0.0,0.35827097972260985,1.8924135076023327,12.192473615361097,1.9067271744714402,4.153173352200518,20.503058629357998,0.0,0
26,1.739478099,16.78526919,lc,3.787887646,4.901972247,4.1,0.0,0.0,0.0,0.0,1.4286755568376663,10.512248594243497,0.0,0.25878983522193544,21.087095018223696,33.286809004526795,0.0,1
27,1.225162396,21.39949173,lc,0.64,0.0,1.7,0.0,0.0,0.0,1.278365418214918,1.3880285880536178,0.0,13.31342124527675,23.07446009928519,1.1651085701769728,40.219383921007456,0.0,0
28,0.569129834,24.63519053,lc,1.18,0.0,2.2,7.153256183950845,0.0,0.0,2.2004468766957035,0.6712348859535879,9.43114331151352,0.5689294890028906,3.267265798614941,16.596476990251823,39.88875353598331,0.0,0
29,0.666363461,24.8645719,lc,1.5,2.03,2.0,5.31987727764983,0.0,0.0,2.2566477964094074,0.698895248681808,10.161302553764463,0.0,3.5617383002031793,16.251323593660594,38.249784770369274,0.0,1
39,7.61410083,23.66441926,lc,8.785352859,0.0,5.2,0.0,51.018334247184626,4.073221750526195,3.7754391504985465,0.0,1.5602211791670635,5.260965838073203,2.2480256574498547,1.535566454783984,69.47177427768348,0.0,0
40,6.420031139,24.87306887,lc,12.8597194,0.0,8.2,0.0,11.765343168932132,0.4145996615292552,23.736319436024424,0.0,1.5662870498544925,1.6355480699327318,8.672525838500043,0.0,47.79062322477308,0.0,0
41,6.091883727,26.62487378,lc,11.26816997,0.0,4.0,4.67658960292913,7.215343025428985,0.0,4.270917492764608,14.28991864634822,3.94970466602115,3.2994049462715895,0.11169655798545085,2.7069478417998605,40.52052277954899,0.0,0
42,6.367279825,26.70971293,lc,0.5,1.16,1.7,41.39662815053937,6.998862099465652,0.0,4.341279915385735,15.625708313310351,2.722414324397875,3.3980351713749437,0.10509980006943695,2.0440440788827003,76.63207185342607,0.0,1
43,6.053356138,26.91469301,lc,0.86,1.74,1.9,39.87455335213653,0.0,6.199575942559531,4.204083561422393,10.204712050117198,7.963106192854301,2.6251590089818397,0.10919606212545106,0.7055067670645229,71.88589293726176,0.0,1
44,6.760642203,30.02306425,lc,4.456338407,0.0,4.2,0.0,0.39557831667846516,1.2593207300084939,5.409437544268467,0.7813552741284626,4.252356614818103,4.5014186343960505,9.355782413193936,6.192166525995281,32.147416053487255,0.0,0
45,3.822607795,29.70425523,lc,1.32,2.641972055,2.1,0.0,0.9605983325414522,3.546970828383082,3.899597392330536,0.5469712418094347,6.47319615731106,0.27976673872574276,1.837943193716548,15.713582002809218,33.258625887627076,0.0,1
46,2.086986848,29.18590692,lc,1.74,0.0,3.8,2.4361050890620444,3.394386717147913,0.9820935231217229,0.0,6.620449663401758,0.0,4.826854700019012,3.805574670406716,0.8602400502110408,22.92570441337021,0.0,0
47,1.795639267,29.97974346,lc,2.06,3.565070725,3.3,4.982154545567132,0.0,3.079373057265656,0.0,1.6680557494602914,6.185426419009884,3.168577219499166,2.732625495003042,1.933077702170381,23.74929018797555,0.0,1
48,0.327064133,28.51372005,lc,1.98,0.0,2.8,6.17562792106827,3.830163911503624,1.8323991788277105,2.0204205039735994,0.0,0.48056561541921256,5.0601509072354816,5.070242932408796,1.9593629434171862,26.428933913853882,0.0,0
49,0.07138306,28.17968853,lc,1.83,0.0,2.9,8.630198002933053,0.0,5.124077798640079,1.5301955118458996,0.6454626646201496,0.0,5.68803579305847,4.899474906701308,1.988104573510938,28.505549251309898,0.0,0
52,2.36420662,35.45015945,lc,5.092958179,0.0,5.1,0.0,0.0,1.8936081761820023,0.6344625407918054,8.200255867283381,4.508549135010885,6.988420760226452,3.6627344678141,3.394038660701467,29.28206960801009,0.0,0
53,3.391601794,37.77939924,lc,4.329014452,0.0,2.1,0.0,9.916785595233607,6.473367639896454,3.0435711218363637,0.0,10.519474570514717,1.234926284429613,1.6492156972322776,4.23130189761472,37.06864280675775,0.0,0
54,3.183721894,39.87663993,lc,6.939155519,0.0,4.8,22.376469097916562,9.059472175717687,3.0993687665970917,0.0,5.7535521338371405,7.069027048937244,2.9813684773543816,1.0218151355732443,0.0,51.36107283593334,0.0,0
55,3.717645281,39.48857905,lc,14.76957872,0.0,12.0,16.268188055951097,2.4879393491349093,4.307261129523648,1.5692708187042133,11.674828160000207,0.0,2.7369580457295695,0.0,2.0678757083177244,41.11232126736137,0.0,0
56,4.210054813,38.68148652,lc,1.74,0.0,2.1,15.621834063991155,10.445769797412911,0.0,4.494246914490378,11.335817905298812,0.0,0.0,3.6357508713845923,0.5000245392001974,46.03344409177805,0.0,0
57,4.326916842,39.67994641,lc,2.5,0.0,3.2,23.127397526499276,7.712937096080591,5.861848175022384,4.022440665300116,8.86603167331492,0.0,2.696476465094185,0.0,4.43605212654842,56.72318372785989,0.0,0
58,5.641860825,31.12071519,lc,0.62,1.3,1.8,0.0,2.843275557404279,0.572505673147642,2.150519538672344,4.201604935911684,1.3095435233777295,4.1313187404736835,8.056349704834963,9.366703689873868,32.63182136369619,0.0,1
59,9.461506774,30.50806783,lc,2.23,0.0,3.4,0.0,2.9227527184157216,4.274869546275626,0.16027023182159283,1.3133647635063503,3.8983168129739205,2.459227222937725,9.108965154195854,5.163660706579929,29.30142715670672,0.0,0
60,8.411664196,38.28826961,lc,22.75915686,0.0,13.1,0.0,0.0,1.688787536640333,0.6144644278164999,7.199723191066707,5.25569266469866,1.2433604072710256,1.8829433416757897,2.7175485664332055,20.602520135602223,0.0,0
61,8.558256836,40.55989154,lc,2.35,0.0,3.2,3.500216172006221,0.0,16.302568111234066,0.0,7.099923733542965,2.6083935890356162,6.948763825870629,1.8489534903635105,2.254890923095331,40.56370984514834,0.0,0
62,8.140401059,40.77185525,lc,1.64,0.0,2.5,5.015553661106475,5.0569416938118,11.800599818235224,0.6302424407864508,7.187906031746963,2.1489180706960602,7.174869936871321,1.6745387659054602,2.576033313127107,43.265603732286856,0.0,0
63,6.947155442,41.76831485,lc,2.32,2.48,2.9,20.138156709707488,1.0549368710664744,1.1668697749226038,11.448161466591532,4.258627807181641,5.567487077571815,4.428315980764733,1.9625723467392344,1.3722828536515035,51.39741088819702,0.0,1
64,6.952318085,42.0499359,lc,1.38,1.98,3.2,32.37016017256009,0.939827107846428,1.0727047512345647,1.6648283585803696,16.14590859957733,2.9206370982165413,5.562600157688417,0.12382277699177528,2.3832474435152036,63.18373646621072,0.0,1
65,7.383597474,42.4573393,lc,5.124789168,0.0,5.1,14.732968831387394,0.887640306561985,1.053046158778501,0.8606843754371722,13.63615139061768,8.414896998400103,2.7049815970478233,0.0,2.456808199379134,44.7471778576098,0.0,0
66,6.799524308,42.37986973,lc,5.634084985,0.0,5.5,16.181145921862463,0.0,1.7118180426700236,1.7070351404544513,15.83248810565689,0.7561292827168501,7.845590386230367,0.13358304827129322,2.5156863163387078,46.683476244201046,0.0,0
67,3.809298743,42.76347168,lc,3.087605896,0.0,3.7,0.0,0.0,7.157437203275312,13.481655998811451,0.931947330413546,3.146754186684099,5.068865984046326,1.1477884362601674,7.253555378920172,38.18800451841108,0.0,0
68,2.094129029,41.35758,lc,10.66338119,0.0,2.2,0.0,3.7741818760260673,9.954635486698901,2.3379469442088694,2.9466754780586406,6.613876455267688,2.3431292010811786,5.491370023432706,0.0,33.46181546477405,0.0,0
69,3.513090537,47.80897508,lc,5.188451145,6.238873769,5.4,0.0,6.612886290170383,0.0,0.0,0.0,1.4352821201191532,9.883011733969918,11.086578687624499,7.072824325364513,36.09058315724847,0.0,1
70,4.830692327,46.32037256,lc,13.1461983,14.16478994,9.7,0.0,2.609928487385538,0.0,0.8607861267226224,3.358736315249022,4.242164109085541,16.850978110976403,1.8757919663537739,7.395921561711374,37.19430667748428,0.0,1
71,9.974723798,48.32314466,lc,0.6,0.82,1.7,0.0,7.153457998176234,12.291283894500095,1.8323127862869812,0.0,6.525452690008405,7.616314945764456,1.8941520903383449,1.5725690062057796,38.885543411280295,0.0,1
72,10.97700002,48.18155678,lc,0.8,1.23,1.8,13.573677915647929,14.336182255426829,0.0,2.1707655691734318,2.867316949201621,0.0,8.538421156306038,4.932700063052888,1.5195123279239164,47.93857623673266,0.0,1
73,10.84972358,47.7325831,lc,6.334366735,0.0,5.4,1.714290123512772,18.654015471876853,1.870067747950397,0.0,2.794889552475318,0.0,10.327224073233026,3.5780002876018253,1.180701690802414,40.119188947452606,0.0,0
74,11.40746122,46.88392165,lc,18.36648043,18.71662131,11.3,0.0,9.387114874672758,0.29545183296129424,2.669628577907736,0.0,5.263871909016082,6.0576020880152095,2.6163298432188635,3.473193847766776,29.76319297355872,0.0,1
75,12.35848164,45.37054905,lc,4.583662361,5.53859202,3.7,0.0,10.275629122494983,5.715584916071073,4.093501952546527,0.0,2.463583405534322,3.435268777025008,5.467123656224345,4.613110692977094,36.06380252287335,0.0,1
76,14.75055957,45.80967083,lc,2.24,0.0,3.3,9.540947132051254,0.0,2.5787295268955797,6.716817884190338,5.095646154938969,3.8901599592729887,0.36250160608561177,0.0,3.9976438277766984,32.18244609121144,0.0,0
77,14.92343343,45.14794831,lc,6.525352667,0.0,5.1,3.2751826094972363,0.0,2.427359273805951,9.573698855933799,4.716467144159675,0.4608064450434414,0.0,1.084962226257794,2.7817268977723693,24.320203452470267,0.0,0
78,17.193367,46.91190359,lc,1.86,0.0,2.5,0.0,1.936602621585203,3.1057233252379364,0.9451943534660174,4.553464225817564,5.910331855951357,5.429566007565214,0.12844195413258486,7.565583522279595,29.574907866035467,0.0,0
79,18.44637621,46.09510895,lc,2.896619964,3.819718634,3.0,0.0,1.2435462438691103,1.0825741255511843,6.93860768562736,0.0,0.9485863257671874,4.27139872880163,14.176072670976513,6.229662340295429,34.890448120888415,0.0,1
80,17.95644223,43.61197614,lc,2.74,0.0,3.8,0.0,9.94550831584237,1.1444546805041615,3.044819043031084,0.8628724141919693,3.0932879933530346,2.3194289557008303,3.039063517372227,8.21269626125903,31.662131181254704,0.0,0
81,19.2373847,42.64214267,lc,15.97915629,0.0,12.1,0.0,1.7053899649546576,1.2987031023794906,0.8176974823585758,3.427677179313634,1.2160910812062409,2.361369940237189,3.8394142305463324,12.570729567943781,27.2370725489399,0.0,0
82,12.79204421,41.99894305,lc,12.50957853,0.0,8.4,0.0,0.0,0.8019685904240709,3.064452823548783,1.3892402933099997,9.665267088011216,5.359247278277369,0.0,0.31788627766461075,20.59806235123605,0.0,0
83,12.78503073,39.99139538,lc,1.61,2.76929601,2.9,0.0,0.0,6.23123544130641,0.0,5.748528943426429,2.8814642834313884,4.567036829597749,3.4068530269049404,2.4322090144028694,25.267327539069786,0.0,1
84,8.99311436,32.37796001,lc,5.634084985,0.0,5.1,0.0,1.1568406545907044,0.0,1.5465472979859014,1.7799743750623693,4.926789871634268,1.9675001632880074,4.70162382635987,4.520668553074811,20.599944741995934,0.0,0
85,13.81639432,30.4113999,lc,4.520000384,0.0,5.0,0.0,3.9644897315891403,0.0,0.681837456578928,0.511942221926202,7.233900291108363,1.807169980103136,7.59946807628709,3.9301867853608146,25.728994542953675,0.0,0
86,17.13405091,31.25496777,lc,0.82,1.58,1.8,4.229439233901115,0.0,0.0,12.326618109670587,10.981785326050563,1.4158426032871487,0.0,0.7927041045232388,4.336327244756778,34.08271662218943,0.0,1
87,17.51724033,31.15971287,lc,1.67,3.119436885,2.5,2.076730641795757,0.0,0.623369918333552,15.669594789214061,8.593023772088305,1.3309368152408523,0.0,0.5136828561315812,5.322366558043324,34.12970535084743,0.0,1
97,12.12479492,29.57558604,lc,7.480282325,0.0,4.7,0.0,2.395564008227052,0.7902721972816111,0.0,1.3406615505282622,3.444537715018117,2.2451300601248105,15.141621075291432,1.97524140869307,27.333028015164356,0.0,0
98,10.31309044,24.7871772,lc,8.53070495,0.0,3.9,3.833334467780603,0.0,24.2182492328975,7.093770083407161,2.7420682741323565,1.8466350649165308,1.3864585293814802,4.157030166838522,1.8868696495774309,47.16441546893158,0.0,0
99,10.12049551,24.04790941,lc,2.928450953,4.169859509,3.6,11.166669971303975,12.261530609522465,24.989084416329813,3.391858818093463,2.6377172752186246,1.2721931934443242,2.05219515601483,4.962390490356378,1.0378269223358818,63.77146685261976,0.0,1
100,17.68476396,23.66233855,lc,2.31,0.0,2.9,0.0,1.099607099573251,0.6225126598695319,1.4231828564410083,3.345802974811839,4.270346149217277,0.0,2.801956732319019,4.164783925092612,17.728192397324538,0.0,0
101,18.75067109,23.47523147,lc,1.19,0.0,2.1,0.0,2.9150060623231475,1.679925247248524,0.0,3.358895876789732,4.307910198177013,0.16775069193506287,1.1544957256984323,2.0765843536669486,15.66056815583886,0.0,0
102,18.88895975,21.51976962,lc,1.53,0.0,2.6,0.0,4.975187130940472,0.9398720550971363,0.0,0.0,0.0,3.6579298160254052,4.200564427341519,7.6758150364956705,21.4493684659002,0.0,0
104,18.4808763,20.58078494,lc,1.34,0.0,2.1,0.0,4.467653678613932,0.4093576711089309,0.7257921070393093,0.0,0.33695040213992417,2.6380599089119765,7.489196605723765,5.957544817504329,22.024555191042165,0.0,0
113,13.69597415,10.57216703,lc,1.47,0.0,2.2,0.0,0.0,0.0,0.0,4.431013798177939,0.21315175915541681,1.1608414890970482,2.1223735885006594,5.593014248263183,13.520394883194246,0.0,0
114,14.36820512,6.433147471,lc,0.14,1.02,1.4,0.0,0.0,0.23872533133441048,0.0,0.35056308822901977,2.260736897364346,0.0,5.38149779384425,4.447259232420256,12.678782343192283,0.0,1
115,16.9360032,5.527596549,lc,0.65,1.25,1.8,0.0,0.0,0.05141776367202688,0.0,0.0,2.288372911327022,6.257792837591866,3.6226712932373335,7.361568799329978,19.581823605158228,0.0,1
118,29.99815712,0.191974424,lc,3.342253805,4.583662361,3.4,3.7189842777385644,0.6906736973783,8.452282718707078,7.025520958596807,3.553522518592061,6.387694881571349,6.71324634802067,3.7077307639606922,7.7999484241663515,48.049604588731874,0.0,1
119,29.93960955,1.097343111,lc,3.374084794,4.456338407,4.5,3.6838995199854763,1.0160605111167216,9.291309433605772,7.262461370024666,1.9121107332508194,5.116697720670732,10.107202999165578,4.938060077395209,3.899027743460645,47.226830108675614,0.0,1
123,27.16131576,7.13636158,lc,1.34,0.0,2.4,0.0,3.6163200158800786,1.4665004648247415,2.096801994735909,8.226917337451795,12.858765658684012,15.993030898976198,13.72347281661092,7.6717685818698005,65.65357776903346,0.0,0
124,29.52573977,6.844938409,lc,2.67,3.883380611,3.2,3.372326959847142,4.423959589270245,9.154276340878038,4.25108081119348,3.3576786034346084,9.06575777097141,23.863203104713605,3.5378227414022767,4.479839375994879,65.5059452977057,0.0,1
125,29.14163433,7.350062707,lc,2.14,0.0,2.9,4.207529431211153,4.920357791380715,6.617659789438901,3.528691744065493,2.7125095281762426,12.84928526508497,20.907963280341583,5.9999129265928035,9.67386968757935,71.41777944387121,0.0,0
129,24.67635205,39.22583494,lc,1.28,2.228169203,2.5,0.0,0.0,1.3783155398069187,3.6647105211093516,2.2772114100120238,3.0538832403748644,8.18839957385269,5.9628272734755745,4.643028083897215,29.168375642528638,0.0,1
154,20.23630558,13.53793779,lc,2.47,3.533239737,3.0,7.624906942719607,1.4843756241602366,11.663352077709431,24.495317098633,11.34862844474596,0.0,0.3145179292209488,2.410114440865619,0.9576928394252642,60.29890539748006,0.0,1
155,20.02537707,14.53997785,lc,1.52,2.11,2.4,6.6762596373003555,2.7234255403844667,2.906469268065551,18.854517058547856,9.621902384687424,9.745520474553093,1.1155643200583805,0.4131354984055752,2.1023006460917606,54.15909482809446,0.0,1
156,23.07038032,14.56999879,lc,30.97155193,0.0,16.9,0.0,21.634155186943374,8.026020187796435,19.244082799787048,4.734423332571392,2.404087212220576,3.3322587994400608,0.2651908928713725,0.3465658109423153,59.98678422257258,0.0,0
157,22.65033794,15.50511557,lc,1.15,2.18,1.4,0.0,41.726759593220564,0.768969818639483,8.680096903298006,12.652674664651668,7.063009466574511,1.6754245185347834,1.1343753392542455,0.7897407869432779,74.49105109111655,0.0,1
158,24.08199236,14.32994551,lc,21.32676237,0.0,11.4,0.0,30.409697510392046,9.301549278663257,16.82718541173351,8.826662330143066,0.42154949976691464,1.1283782299033276,2.0327672356954554,13.685428797630845,82.63321829392844,0.0,0
161,29.69355236,12.81717374,lc,2.45,0.0,3.6,0.0,6.54090368081729,4.797380365451413,3.319984491279115,11.4747442714519,34.56085255834623,12.05359346026185,6.489147237273393,4.408267196195896,83.64487326107708,0.0,0
165,26.10506321,23.11284033,lc,3.533239737,0.0,3.7,0.0,0.6439770608526193,0.6727654917495418,0.0,1.7983674287162417,3.155753093484828,0.5288329329150262,3.872521762309432,13.904009123418692,24.576226893446382,0.0,0
166,25.0995098,23.4828448,lc,0.69,0.0,1.8,0.0,3.2975729581462923,0.220177565877193,0.3399102476885339,0.09636109894052113,2.431775676796218,3.057093423585578,5.494766140313119,3.2378457703618135,18.17550288170927,0.0,0
168,26.02338816,28.85908396,lc,5.506761031,0.0,3.7,0.0,0.0,0.17564930135361104,0.0,3.1239345192186625,5.834323215823955,6.966710671016368,5.569248709901515,0.4729197251921169,22.14278614250623,0.0,0
169,30.00433358,27.59226359,lc,13.05070533,0.0,9.9,0.0,0.0,2.1209843665587638,0.0,1.3181479804225302,3.1184543575483143,1.512567390355799,0.08294813139766433,2.8095467059756767,10.962648932258748,0.0,0
181,21.77680225,38.0609606,lc,4.233521486,0.0,4.3,7.480033761659373,0.0,0.0,1.7343608051639732,11.83855710083641,6.895193687460542,0.9525790621264241,0.0,0.6385065407025353,29.539230957949258,0.0,0
182,21.3318663,38.494599,lc,4.647324338,5.856901906,5.2,6.814003358245998,0.0,0.0,2.237660990139757,11.47509709681737,5.939449014137242,0.4469574557214131,0.5356664632453008,0.8418262818310662,28.29066066013815,0.0,1
183,22.11056647,42.31136522,lc,3.756056657,0.0,4.2,0.0,1.870920704458161,5.524991165549864,1.1930312571071633,1.9413941047692875,5.296847776113707,7.345451527082801,1.0784021378311082,9.118303726371954,33.369342399284044,0.0,0
184,23.61537132,41.38057606,lc,3.310422816,4.61549335,4.0,0.0,2.122775414891052,0.5329361199499587,3.3601863139076675,3.507177715849721,5.13425363814322,7.257683079553118,4.270229519138841,4.702608167484829,30.887849968918406,0.0,1
185,27.40171506,42.12240764,lc,3.787887646,0.0,4.4,0.0,0.0,0.0,1.179831971844271,8.157765051206274,6.466107665590682,0.6101987271835801,2.0255675121004524,4.946820445536123,23.386291373461383,0.0,0
204,34.51139226,39.26488458,lc,2.12,3.596901714,3.3,0.0,0.0,0.0,0.0,0.0,0.4210782831702172,1.8723642359253494,5.008562439696371,0.4935221253579961,7.795527084149935,0.0,1
205,38.3698319,35.03761996,lc,2.41,3.756056657,2.8,0.0,0.0,0.0,1.1337755049736442,0.6368209535804805,4.614600994091784,11.614245899997224,0.3552682566071246,1.7810983883280809,20.135809997578342,0.0,1
206,39.1773778,30.78338243,lc,1.89,0.0,2.9,0.0,0.0,2.3775194350197295,25.761344299826064,5.070135016886284,0.7228890923705216,1.8531101366950868,0.3043245766998729,3.6728309110680857,39.762153468565636,0.0,0
207,30.12460227,24.75836887,lc,6.016056849,0.0,6.3,0.0,0.0,4.601077195953726,0.711340651711196,0.9275044062486534,5.06297850851637,1.3586021285231478,12.308679462619233,0.23298822826515314,25.20317058183748,0.0,0
208,35.13941458,25.43477854,lc,11.77746579,0.0,4.3,0.0,0.9931493157652815,3.685756974696398,0.0,0.0,3.5319679383075933,3.399694919152623,3.7283829511300826,21.18815034762056,36.52710244667254,0.0,0
213,37.16097263,18.58208924,lc,4.710986316,5.793239929,5.1,11.868131098435391,0.0,1.2487177221344214,0.0,1.7251101833333806,24.052100046386112,0.5880920833788976,11.038791287103486,1.8872237905741667,52.40816621134586,0.0,1
214,37.03769449,18.25834669,lc,2.1,3.023943919,2.5,20.53143500369753,1.8981724024841986,1.2883230415173552,0.0,4.9977843408763185,21.40261112032456,0.5809046517417269,8.501828486344435,6.089232260033413,65.29029130701954,0.0,1
215,36.7165148,18.17516332,lc,2.3,2.896619964,3.0,16.389868404244716,0.0,1.449722559145642,0.0,17.367960529923486,10.271820520310875,2.6897690273671753,4.842287525162763,10.140711677809723,63.15214024396438,0.0,1
216,36.223985,18.90254352,lc,1.97,2.896619964,2.8,7.375529184838822,3.9127816932021204,0.0,0.0,23.471550755289492,2.906598171374583,4.871499608488842,3.906230551789623,8.802979065954725,55.2471690309382,0.0,1
217,34.41219118,18.73482454,lc,3.437746771,0.0,2.7,0.0,1.082691116689979,38.78927871880136,0.12570286382573637,1.7827565573341495,3.3990314182390717,4.0363282011971116,6.216256442985037,3.788764264958078,59.220809584030526,0.0,0
232,34.69531506,13.58466552,lc,10.44056427,0.0,8.3,5.650728791995006,0.5629497333390989,15.634154008620731,5.992771012331161,23.90000555950149,9.13912765791308,5.416634394874089,3.852455005086844,2.155180286411624,72.30400645007312,0.0,0
233,35.17523191,13.03154432,lc,4.13802852,5.411268065,4.5,14.257223419321269,7.464184415414178,9.525479221211805,14.277931890919143,2.0991479463651155,20.474153395806347,6.508092375855295,4.352802919219636,1.484506640885214,80.44352222499802,0.0,1
234,33.4958317,12.92672206,lc,0.36,1.05,1.5,17.123068437034892,15.706000525788529,11.851448731779648,6.328889260185377,21.353543978591098,11.19804274267699,6.435505748200644,2.3088183666448154,0.754730551433308,93.0600483423353,0.0,1
235,32.68987297,12.68913935,lc,14.38760686,0.0,7.6,0.42844544595323764,5.976335838502765,18.650300965444117,6.869459021775536,26.246437438690705,6.570197763374839,4.579331404127113,3.2647398576664015,7.983394241721556,80.56864197725628,0.0,0
236,33.17337185,11.0881365,lc,9.994930426,0.0,1.6,21.134895022964248,26.389329674706318,12.99818486567581,9.236841359976296,4.8830667235779694,4.210386406143977,15.404786857488984,2.65056470160571,4.710003322348365,101.61805893448769,0.0,0
237,33.2381912,10.43317619,lc,13.91014203,0.0,10.3,15.186171705490583,27.0045454836269,18.637248502301556,10.082828265798083,4.4001986680775715,2.910943058067274,5.472761317523118,10.6770903003358,5.5768407221346,99.9486280233555,0.0,0
238,34.75341015,11.28162905,lc,13.05070533,0.0,8.1,0.0,21.58355866779057,26.963895345293764,0.4880952029499894,3.172340383836259,8.306368050766588,11.815523207423766,7.581276981385116,7.625633227193892,87.53669106663993,0.0,0
240,39.73586863,10.43258854,lc,5.53859202,0.0,5.1,0.0,0.7224476201394766,1.5699228355094141,1.4461626252038844,6.74280462348155,17.703747553929873,6.289059397839198,3.3399760852365548,6.430586399527922,44.244707140867874,0.0,0
241,39.17584475,9.477292772,lc,0.8,1.43,1.8,0.0,5.653281810193357,2.476794118503287,6.365766343516817,15.02063508320625,7.651899152164074,7.216183737013494,5.024578192188651,0.9693119147133387,50.37845035149927,0.0,1
242,37.78793508,9.698297042,lc,0.55,1.16,1.6,0.0,0.5692348348440205,12.404283725032839,9.680687182417346,10.813850608719227,16.458503676314997,3.716178774153374,1.149694869738399,2.0525879547015258,56.84502162592173,0.0,1
243,35.80496362,9.125,lc,9.358310654,0.0,6.5,26.542002164290363,10.102262719280416,12.891339775727893,10.019301746189502,13.943120674431118,0.6703243197693224,9.274542525502719,0.7500808479014885,4.407000314743919,88.59997508783674,0.0,0
244,35.39655668,9.324486169,lc,12.06394469,0.0,9.0,20.58931038024923,15.89903784953478,16.758641714183568,6.096987186908102,13.971242152043274,0.7802333932147375,8.040312818647289,2.012197156145471,10.463434013302338,94.61139666422879,0.0,0
259,38.61925746,7.598378223,lc,0.51,1.35,1.8,0.0,1.9545087623957733,3.3152151590528853,23.55614793306591,3.2540147539027577,8.168776369140947,6.58753656709717,6.112034902012933,0.05673613616682108,53.004970582835185,0.0,1
260,30.95887901,1.462226651,lc,1.1,0.0,2.1,0.0,5.215164648562581,0.0,6.202475366219155,7.704961759222151,9.66751145665434,8.223288188136294,1.4393722060650551,9.323532684071298,47.77630630893087,0.0,0
271,41.11423741,7.387706948,lc,2.24,0.0,2.8,4.863796342915253,8.990859116672087,17.495745943929936,2.102209262691059,0.5906732874973782,1.6752298477516394,3.0504845858970624,10.247535952078488,5.908603221595736,54.925137561028635,0.0,0
272,40.36356941,7.678294315,lc,2.7,3.9152116,3.5,6.070051588424407,0.292072519853284,24.95522527302841,0.5892168186755349,1.956716374939458,2.730724716258211,6.972650325612076,5.465528539772104,5.894871922538435,54.92705807910191,0.0,1
273,40.62845317,7.808323333,lc,0.97,0.0,2.0,12.63609355016088,0.0,24.394208008788564,0.6142534597380376,1.8716737769751317,2.664316728147477,6.430566142781257,4.323563749230143,7.2441119998029935,60.178787415624484,0.0,0
274,48.23504268,2.320698466,lc,1.79,3.087605896,2.9,2.930491391810386,0.0,11.932662447314293,0.0,9.30156697597883,13.128788419712784,0.0,7.5898753364813345,4.642507285035968,49.525891856333594,0.0,1
277,48.46773174,4.331347678,lc,16.01098728,0.0,4.1,0.0,0.8938962853898319,1.8046451113975408,4.73764545161098,1.7675756938841414,0.0,7.208423521007902,20.869215632765886,1.3462376629594093,38.627639359015696,0.0,0
278,49.01163636,7.869739434,lc,11.4591559,0.0,10.0,0.0,0.0,0.0,7.212834791703199,0.0,2.1114485238745173,0.4364173225859573,0.5101521681308365,13.404448036499799,23.675300842794307,0.0,0
281,41.37800938,14.42597072,lc,1.41,2.450986124,2.2,0.0,0.0,0.8023589346820131,0.0,7.662454894484736,4.773373733487248,3.0308846058439234,4.982482410121426,6.147609596344477,27.399164174963826,0.0,1
282,42.94169521,16.26457162,lc,1.53,2.641972055,3.1,0.0,0.0,12.15636897543397,4.612341282774666,0.07942029718288739,0.6994207942253312,2.278866319789961,4.89746725623381,3.0701214860628343,27.794006411703464,0.0,1
283,44.87762501,16.83766318,lc,23.36394565,0.0,15.9,0.0,0.0,0.757810453855262,4.162499172730003,0.33175487892619604,2.3701857674306064,4.077912411910191,1.1340362548421652,1.6296669378999051,14.46386587759433,0.0,0
285,49.99987815,19.93018697,lc,11.04535305,0.0,7.4,0.0,0.0,0.0,0.0,0.0,7.547262586685462,7.629674380571879,12.818851151017766,0.0,27.995788118275108,0.0,0
286,43.34909492,23.5768792,lc,20.88112853,0.0,12.2,0.0,0.0,0.0,0.0,7.136382011890937,10.35761776682752,12.500064192584109,2.559680450452266,7.3883564876237955,39.942100909378624,0.0,0
287,48.15673281,26.18105603,lc,25.59211485,0.0,18.5,17.45149308382956,0.0,0.0,0.4971960668623572,12.583690945013236,7.473971956707981,15.656014749833433,9.987916124465489,7.460839214716925,71.11112214142898,0.0,0
288,48.29574443,26.80412636,lc,11.14084602,0.0,9.8,40.088572672450134,0.0,0.0,9.723388903722025,6.66336000562088,6.111551081040809,18.63538500982187,7.204130030972829,4.489647095829707,92.91603479945826,0.0,0
303,41.08162891,27.39052777,lc,14.45126883,0.0,7.5,0.0,0.0,32.24556082503172,0.4857723475082,4.706334102156784,0.0,5.330142398624578,9.255982572303962,4.486568285274402,56.51036053089965,0.0,0
341,44.90183282,34.03081317,lc,0.63,1.39,1.4,0.0,10.625388090108029,0.46662953214559755,1.1732048842448517,6.583593605830265,18.452089254277777,0.801710762890877,4.340933167153493,4.735939890008598,47.17948918665948,0.0,1
342,43.19927233,33.05532555,lc,20.84929755,0.0,7.9,0.0,0.32106570884293695,1.375127007016959,22.32388185254342,0.40915837975174557,2.4908804552261317,7.603536471739892,0.12902625684183788,5.39710074624877,40.049776878211695,0.0,0
343,41.87688215,35.68086162,lc,4.042535555,0.0,4.5,0.0,0.7538746695524582,7.483830854455582,0.8587476836825841,0.0,4.7017308631,8.593999227717545,0.0,7.192129433429307,29.584312731937477,0.0,0
344,43.44661813,36.45659964,lc,1.32,2.355493158,2.6,0.0,2.308761481575521,0.6267830400500909,6.113704687480982,0.0,0.4571873091290157,6.793242856869689,10.62617251819952,5.365618525424638,32.29147041872945,0.0,1
345,41.80984092,38.00345443,lc,0.91,1.99,2.4,0.0,0.0,2.325930973647907,0.0,0.5306023304768354,4.181821389323195,0.10944377421824793,2.768586317472797,18.33284864148994,28.24923342662892,0.0,1
353,46.20804253,45.88396622,lc,5.697746963,7.098310462,6.8,8.656288913234672,0.0,0.0,0.8848917010619871,9.225951831458367,9.731465516572792,0.3525974269723672,0.0,9.172857624254279,38.02405301355446,0.0,1
354,45.36190872,45.72756574,lc,7.448451337,8.75352187,7.9,6.621691091842253,0.0,0.0,3.4525619306346655,3.3791139391274356,11.274062198021968,0.0,9.066439519735543,3.8874420409491486,37.68131072031101,0.0,1
355,41.78852106,44.85625511,lc,0.75,0.0,1.8,18.291002853133456,0.0,0.0,5.209899407001124,13.79799088440866,0.0,0.16780945818109622,2.5593958652711426,2.564307686310077,42.59040615430556,0.0,0
361,40.40368803,48.91744338,lc,1.08,1.750704374,2.4,0.0,20.577489772608406,0.0,11.926447615131847,13.00674269432322,2.2437267511724985,1.5724633072412146,0.0,0.0,49.32687014047718,0.0,1
401,0.358001742,-3.389687242,lc,0.24,0.99,1.6,0.0,0.8998365444429489,27.791762951669497,0.0,0.0,0.0,10.413362742772627,0.0,0.0,39.10496223888507,0.0,1
402,0.999935947,-1.972034623,lc,0.19,0.81,1.5,1.0211104527461525,0.20860023793374297,0.0,21.780787744158385,0.0,0.0,0.0,8.118135257595256,5.29612633589505,36.424760028328585,0.0,1
403,1.725546129,-2.085930847,lc,0.75,1.15,1.8,0.2586812351028594,0.13229192618525443,20.165868924528432,0.0,0.0,0.0,0.0,12.89240246972225,0.0,33.4492445555388,0.0,1
404,2.755722333,-4.591590398,lc,40.68000345,0.0,5.4,0.0,0.0,0.3756333947618743,0.07615683002174359,0.0,9.710520208024214,0.0,0.0,9.26461514382673,19.42692557663456,0.0,0
405,1.215430341,-9.412438016,lc,32.78591828,0.0,14.6,0.0,0.0,0.0,0.0,0.46985944780881167,24.238462595469244,0.07046412696096072,7.1316610262198346,0.661137053346716,32.57158424980557,0.0,0
406,10.99046604,-3.885753083,lc,18.11183252,0.0,11.4,0.0,3.1514138576054536,0.0,0.0,0.0,0.0,3.375725399279607,5.586204075098168,6.323758012325329,18.43710134430856,0.0,0
407,12.52566942,-2.785425282,lc,5.952394872,0.0,5.6,0.0,9.589061414364632,0.0,0.0,4.732546432416125,0.0,0.0,1.7070166578274224,4.665057445739996,20.69368195034818,0.0,0
408,16.7005775,-0.727915657,lc,22.02704412,0.0,13.5,0.0,0.0,0.0,0.0,1.2788817674468633,0.0,2.8795396926698946,1.6714995633208536,2.7130247381405503,8.542945761578162,0.0,0
420,27.49603365,-9.36657639,lc,10.6315502,0.0,7.7,0.0,0.0,0.0,7.15417495180159,22.93691459658543,8.524989880036383,0.7615497580913871,10.467897354172285,1.6496229407301153,51.495149481417194,0.0,0
439,38.59997866,-2.296180153,lc,7.352958371,0.0,7.9,2.5619222188684247,3.925582099941583,5.455098111868825,0.0,1.8775710899981735,1.9817806371923652,7.843447012059945,5.96529229426968,9.431377467844422,39.042070932043416,0.0,0
456,47.20744405,-0.392468145,lc,5.474930042,0.0,5.01,0.0,0.0,19.950767675975065,6.606354769010526,4.415044937702761,0.0,0.0,0.0,14.209726386737964,45.18189376942632,0.0,0
511,42.10457037,-19.8169437,lc,0.64,0.0,1.9,0.0,18.71147391148193,3.499009566231863,0.0,0.06938217558768994,11.916642837773574,9.786826101954304,8.83145077012235,0.3455640792330553,53.16034944238477,0.0,0
512,40.79398882,-19.0753337,lc,27.37465021,0.0,16.5,0.0,5.694871636609447,0.37490038131481057,0.8899905877120722,0.08124052414753151,1.5924039250062045,10.099610360525134,7.655277656232661,7.86409737357965,34.25239244512751,0.0,0
518,38.59385979,-14.80862451,lc,0.39,0.93,1.5,0.4543039330966726,2.361664209203613,1.9336347237763198,0.7042778954460884,6.7591617279584035,1.399688959468288,0.9803166309104345,9.349481903193753,5.670275965819815,29.61280594887339,0.0,1
519,36.71062999,-14.44532844,lc,0.67,1.13,1.7,0.0,1.4243850020134268,4.738805566052546,0.0,0.3931326598963095,2.7845806632961647,13.70119143080361,4.027101893065724,11.075761876365226,38.14495909149301,0.0,1
520,36.09368246,-15.51709011,lc,1.51,0.0,2.2,0.0,5.5476313674876,2.3199640206891665,0.07355659466553915,0.0,9.134209631451027,9.191707992275463,4.5658905399431875,6.668657571760176,37.50161771827216,0.0,0
521,36.29898775,-16.64940662,lc,2.41,0.0,3.0,3.0739170234305777,2.71342254112089,1.5449080354084264,0.8637730660053212,1.5517383952827222,8.177688421457418,4.1796930157635295,7.49299133647534,4.519636621325198,34.117768456269424,0.0,0
522,35.58823619,-16.56539718,lc,2.2,3.374084794,3.3,5.519245788207861,1.7431870002584757,1.2973555930412233,0.9940134744537749,0.0,8.985959398089628,8.592374088353655,5.379082519011435,6.729753711646519,39.24097157306257,0.0,1
524,34.56401647,-16.16591299,lc,0.49,0.133,1.7,0.0,5.387456062779602,1.655354761959723,0.11289153415499809,4.24067058487039,8.40892215086615,11.677899169779062,10.604927213418579,3.6665008901096834,45.75462236793818,0.0,1
525,34.0821722,-14.20558131,lc,2.85,0.0,3.7,0.0,0.0,7.339301395984313,6.116523380866637,8.098691479578921,1.3799984416226714,9.453247258807387,11.994908220539461,7.6865330207335365,52.069203198132925,0.0,0
559,28.46512914,-16.4995657,lc,23.23662169,0.0,3.0,0.0,0.0,11.097546364504014,30.17678511906182,4.481756672940446,2.862510097792831,1.7423634993456234,2.289650471426426,6.797073221857531,59.44768544692869,0.0,0
570,18.68785786,-16.25311022,lc,3.34,0.0,3.7,0.0,0.0,12.457048667239798,0.0,3.1983826639974096,4.535597159203555,6.3061147779605715,5.997178527430144,8.190163364932989,40.68448516076447,0.0,0
571,17.43764023,-18.4785821,lc,30.93972094,0.0,16.3,0.0,0.6265258140582226,1.308469549399396,2.169749404227043,2.7012339638109544,5.416300814766166,8.895418264638865,0.31279858991190357,5.971274703113446,27.401771103925995,0.0,0
576,14.05849242,-19.41743009,lc,4.679155327,5.729577951,4.9,0.0,2.1468635281901243,1.9030516223822402,20.381645245139758,1.6682647269459023,3.039758268774867,8.601327864418277,6.877629055427623,0.6335305555756046,45.2520708668544,0.0,1
577,12.64230825,-18.96594386,lc,0.45,0.0,1.6,0.0,14.417022009607429,10.365288006928612,1.357283220694625,8.188458104059182,8.992742376407438,3.2454756781962137,5.405843178089425,1.8760169771044324,53.84812955108736,0.0,0
578,11.93098884,-17.14261328,lc,12.73239545,0.0,6.4,0.0,0.22992395968878201,1.5776002420450799,9.728560999811009,2.5357370438706406,9.13664498829814,10.098149104329154,7.05358159204442,2.228833241229149,42.58903117131637,0.0,0
579,11.34301654,-19.13591818,lc,3.278591828,4.074366543,4.0,0.0,21.225934923313815,8.532577741855572,2.653454459001739,9.93752756595288,3.900299038686822,6.632244645786415,1.4953917160295525,4.843269924497685,59.22070001512448,0.0,1
580,8.351292675,-18.76972124,lc,0.4,0.63,1.4,0.0,3.6306310273209794,16.38520636148038,6.076494543386901,12.594150764392058,1.5749749235903983,0.593832503582745,4.099875448255935,4.025969266795623,48.98113483880501,0.0,1
582,6.466641311,-17.2835534,lc,17.44338176,0.0,3.7,0.0,4.97705136711044,1.5332997619562625,0.9814997531028599,1.902813534773545,13.960438779903207,8.202361904672854,5.597986925093866,0.14187677994824754,37.29732880656128,0.0,0
583,4.283786839,-18.29968495,lc,1.22,0.0,2.2,4.645458176685783,1.826765310104586,8.639217882658954,3.4906041594144734,8.28379556652947,0.30458883014444693,10.644760360040516,6.838554149295062,5.4163846160574485,50.09012905093074,0.0,0
584,3.724204945,-18.24819965,lc,2.5,3.501408748,3.5,3.4904062652764605,1.1434092645734812,7.636617771137847,1.5709573769270413,11.833685646712393,0.34881310566661344,0.34550331517329774,14.87513013745172,3.048805025264376,44.29332790818324,0.0,1
585,3.78602728,-19.00660299,lc,0.17,0.78,1.4,6.459623926393224,2.3278422292548577,3.1212492437205235,6.808317242250458,9.159241842209976,0.30598576193880933,10.941859825394763,4.627375319153236,8.154904800598164,51.90640019091401,0.0,1
586,3.409169773,-18.83506997,lc,0.73,1.31,1.6,4.163866276352386,3.1542489877499595,1.423250301043403,7.375231699727757,11.53745902408259,0.33835003156677573,0.3509541232791776,15.040009116990225,2.6565638596402694,46.03993342043255,0.0,1
587,1.522655783,-17.83338492,lc,3.04,3.947042589,3.9,0.0,0.0,2.7625410451029553,14.871809662249193,6.5354567101818395,2.096286793066341,2.5626428342576784,0.0,6.981104445930709,35.80984149078872,0.0,1
588,1.840774596,-14.42217694,lc,29.28450953,0.0,13.5,0.0,1.2405944635178245,0.0,1.3115504879304176,1.6437168870753207,16.522007865959793,2.0171808903098705,7.5340745403486284,0.9401131629330105,31.209238298074865,0.0,0
589,0.821014344,-14.10877542,lc,1.3,2.05,1.9,0.0,39.98718868711777,0.0,1.3939960546076693,12.458093223341201,1.6141043227230127,5.575367021561836,1.9225815243651134,7.487766577857757,70.43909741157437,0.0,1
590,8.536668534,-10.47727387,lc,28.17042493,0.0,8.4,0.0,0.0,0.0,0.0,0.0,0.0,1.1014047678497128,18.73937659731535,7.635885320519956,27.476666685685018,0.0,0
601,3.676716541,-20.10169567,lc,2.12,3.183098862,3.2,0.0,6.10058033208395,1.623157805575305,5.54314896063874,0.1020438914178764,8.530379229456065,15.72618361557813,6.531910784134908,2.868458992636609,47.02586361152159,0.0,1
602,4.666572827,-20.33531316,lc,0.64,1.0,1.7,0.0,6.908832305878267,3.63471091051524,4.923212095748944,2.4407669279716138,10.523347758421394,11.883047369483483,8.522372694866801,0.08117324157340765,48.917463304459154,0.0,1
603,3.84417141,-21.83114306,lc,1.48,2.08,2.3,0.0,7.42881689629443,0.0601740417686154,1.2948833599198548,0.7928362648775615,13.838750367893269,10.495577088926181,11.5717459160596,0.7055060712593781,46.18829000699889,0.0,1
604,5.299237506,-21.21062362,lc,3.756056657,4.870141259,4.4,0.0,5.727674168057333,0.06358745905339751,1.4836791339221338,13.686695217655501,8.001243080419382,6.311083468171507,7.873538694013442,1.0992309270132925,44.24673214830599,0.0,1
605,4.257737703,-22.87420948,lc,2.832957987,3.405915782,3.1,0.0,4.337750598097389,0.9972639308457214,0.0436315151806924,5.7092221662293525,14.634966327374109,9.98243630975262,0.34522349504443267,6.0685483051910865,42.1190426477154,0.0,1
606,3.727230489,-27.99811526,lc,29.79380535,0.0,18.4,0.0,0.0,0.0,0.0,4.909971504141881,18.657829033083175,1.5567132970195103,8.463620035383316,9.004993247632832,42.593127117260714,0.0,0
607,9.320720849,-23.66366579,lc,12.73239545,0.0,10.5,38.63318716558481,6.123870301237396,0.8936896748459597,7.002278447550587,2.126041128577744,1.175232548380448,11.575670221436443,6.823498373014044,3.3729922816006384,77.72646014222808,0.0,0
612,9.956663423,-21.057995,lc,1.64,2.22,3.0,2.023207224990343,24.9402011564309,19.12850165875005,0.3659461214966653,6.716365357100425,4.32590972333632,1.6218956252769834,4.254373446799802,5.793555484872384,69.16995579905387,0.0,1
613,9.779535286,-21.77950719,lc,0.15,0.53,1.4,7.041200805413839,42.64149113052798,1.3881665457246073,1.1875516811222995,2.58691630836037,8.170479958709022,0.9043447530479221,0.7940145773581719,13.312203514868113,78.02636927513234,0.0,1
614,10.07559451,-21.92285601,lc,1.59,0.0,2.3,8.292729629420606,37.819659596779786,0.9558528836640462,1.533142241112137,2.2063275811669643,7.687585392009539,1.1479093973830525,0.7706420460026236,13.547551068221363,73.96139983576012,0.0,0
615,10.05375189,-22.86821561,lc,5.634084985,0.0,5.6,13.769316021047308,28.856776813451493,8.846186510547902,1.607548981976247,0.8365384754901917,2.58015838805885,6.784835791596016,6.768595583907576,8.445780840632052,78.49573740670763,0.0,0
616,11.4943156,-22.19747142,lc,0.74,1.14,1.8,0.0,7.487811373386188,26.10397850427013,2.9293436710228513,0.5736038707638946,3.107459069162351,3.107460726492831,13.259475518913035,4.007716513655021,60.5768492476663,0.0,1
617,10.67099507,-20.19742439,lc,23.23662169,0.0,13.7,1.4617087465927001,6.55454722823255,2.7379336060707553,16.75418344512456,1.6276515527653683,4.816361827239087,6.216283342977253,0.6561372698451818,1.4096659721914564,42.23447299103891,0.0,0
618,11.34669821,-20.3973333,lc,1.03,1.58,2.1,32.975896277221985,7.675949369631045,4.062295651268753,14.651859333085792,1.8540501410241608,3.9316701876036433,5.804923849881985,2.4785747872166044,0.997225608074935,74.43244520500892,0.0,1
619,12.35821974,-20.44350539,lc,2.6,3.501408748,3.7,0.0,20.20707842332588,1.2977667562544388,7.083527147764973,8.789259383387028,7.2082818044395385,4.158344173874365,1.627357527270635,3.31464807645756,53.68626329277441,0.0,1
620,13.89166125,-21.12931928,lc,0.92,1.27,1.7,0.0,5.301244308353841,1.6613366083905965,9.200889181182124,13.02972887551334,7.507317836954627,1.900215633730351,1.811548720231055,7.684719846384332,48.09700101074027,0.0,1
621,15.23800085,-22.29551667,lc,1.84,3.023943919,2.8,0.0,3.4137405048583775,0.0,5.005587735551212,9.012096087965388,8.774082069433216,8.372800209837893,8.165493632128925,2.912573063576546,45.65637330335156,0.0,1
622,16.21347982,-22.8046348,lc,2.32,0.0,3.3,0.10705121958756099,3.0727379523479668,4.054910317457715,1.8042352145417277,9.821524760639377,1.0284948524640782,8.920682569435332,16.208797886078006,4.715491884494011,49.73392665704577,0.0,0
623,17.18167291,-22.45858342,lc,1.44,2.1,2.2,0.0,7.846088648193501,2.4302807004195754,9.329127073470401,1.9702970455723294,0.7059188051566432,8.267812442898354,10.831122259020097,18.00114014434341,59.38178711907431,0.0,1
624,16.75607968,-23.56502188,lc,0.1,0.69,1.4,2.4835882944314145,7.951076133203654,0.0,2.5173630791929273,2.094987070558201,7.12514105288727,11.98902550142199,13.838396021582541,11.355215276320134,59.354792429598135,0.0,1
625,18.16251293,-24.1077538,lc,8.75352187,0.0,7.2,0.0,0.8168015184274032,4.897641511648847,1.3302441080704535,0.34750177295366347,10.384233411652769,14.00917931504153,6.529357741788191,12.506036112634522,50.82099549221738,0.0,0
626,12.33953117,-29.69983594,lc,42.97183463,0.0,3.2,0.0,0.0,0.0,6.756018188606178,0.5137785650935818,4.630827182558504,1.8865693097969214,14.2455017520736,6.673954470802497,34.70664946893128,0.0,0
627,20.37005867,-20.1,lc,1.59,2.24,2.5,0.0,0.0,5.3339527364992065,9.596536147950847,3.461895154666036,6.9065621569750535,7.757515500840071,11.149832357040543,6.487524358136123,50.69381841210787,0.0,1
628,19.93475723,-22.32374439,lc,1.35,1.9,2.6,27.222815481764787,5.2562544454176034,4.705105595631249,0.647605023015989,12.743950918732132,12.688996797543027,8.282060328956884,0.7920387488967267,3.716664782480858,76.05549212243928,0.0,1
629,19.8473117,-22.47495863,lc,1.04,1.34,2.4,25.31747198800105,5.143046582638454,4.924997966036269,0.6663414358647815,12.67156760600511,12.627284792813084,8.293553947294608,0.7844723504127497,5.975620658929973,76.40435732799608,0.0,1
630,20.06851056,-22.49461772,lc,2.14,2.82,3.6,33.793636702272444,2.2397350955243085,4.663171241899208,0.6286010633990313,12.71008335100693,18.91648429154988,2.666799360504506,0.7824751920940098,6.1190393618895005,82.52002566013984,0.0,1
631,20.13459584,-22.38669245,lc,2.39,3.246760839,3.6,30.748607901837925,2.387791172842522,4.523443033209317,0.6162834679056426,16.502874694638724,13.609994195236624,4.260929991841679,0.46374652848632747,3.9857634341933172,77.09943442019208,0.0,1
632,20.68915671,-23.02527637,lc,1.1,1.51,2.3,20.276301762253336,5.21725103017391,3.7248669717697394,7.716961375100428,14.313307606442168,15.2441029968221,0.0598792319676877,2.2909160611374744,7.137404808082677,75.98099184374952,0.0,1
633,20.77755709,-22.90782508,lc,2.18,0.0,3.8,16.33142540599147,2.330168237305221,3.6027778223637186,7.65675031774899,14.440682517527607,15.31193133150993,0.5400131481475037,2.3759583971383744,6.601111055391182,69.190818233124,0.0,0
634,21.35835711,-22.25097937,lc,2.94,0.0,4.1,2.486319188778718,6.274108784036304,0.6716909959687832,9.353708312675169,16.59847717968962,14.132475971634006,1.9296239835139073,4.281504883739851,1.693336539057283,57.42124583909364,0.0,0
635,25.62768022,-20.92936526,lc,7.480282325,0.0,7.4,0.0,1.7153686314437986,2.222570853197467,20.387372480638735,7.30152320348021,18.045762561532534,0.9231182588258517,8.893128551744812,10.84993805725012,70.33878259811353,0.0,0
638,25.1944523,-23.93329522,lc,22.21803006,0.0,14.6,22.95440443137119,6.89304006608317,33.62368728250119,3.4248195815099045,4.017365862165864,7.7623499327980685,2.5157766833734616,3.4931237656673333,4.1880652614901726,88.87263286696034,0.0,0
639,24.64606833,-24.54046425,lc,18.78028328,0.0,8.7,27.156227627765706,54.18724889576454,1.710626911020701,1.9989327106624293,4.653288868657847,3.367464984831284,6.8816005611138955,3.310526913048459,3.665932733542037,106.9318502064069,0.0,0
640,23.28744426,-25.26331601,lc,24.98732607,0.0,15.7,0.0,46.920412948010316,11.13857041435062,2.7905269641687838,3.794231365867919,4.753151270093555,1.4027427660096974,5.372502477215141,4.640703860005261,80.81284206572128,0.0,0
652,27.35112501,-29.2377249,lc,4.074366543,0.0,4.5,3.3364579356388,10.412231959568706,3.195238248295622,2.888913713342599,13.342777486556376,20.558990460139942,1.53699706600738,0.8492408302308051,5.65277005580129,61.77361775558152,0.0,0
653,27.64920519,-29.7917651,lc,0.57,1.37,1.8,13.709614936448055,2.8169209475955155,7.306890766216499,1.6199725027285892,19.02280689282256,3.1771133385031662,11.115135247807867,2.088419330906081,3.8285227477460153,64.68539671077436,0.0,1
656,27.39810182,-27.77625397,lc,3.246760839,0.0,5.1,6.214341693414233,3.19492787748799,5.68014465691151,21.0732018541021,16.399252469100272,3.13017554434972,5.040507675429728,2.436693831355961,7.106274831808309,70.27552043395983,0.0,0
657,28.22114672,-27.58417965,lc,5.252113122,6.90732453,6.5,3.8415930467733506,2.472406764321425,5.470786264168989,15.186561761122945,14.904466894182622,7.791487594250324,5.28415896806002,6.644828168390601,3.2630292343700216,64.8593186956403,0.0,1
658,29.74739245,-29.64669319,lc,7.161972439,0.0,7.1,0.6152490573363917,2.697541192627481,7.5719305731558375,3.973036369407978,9.572569191263709,2.6144424597287577,13.716738427810798,9.708507889168512,1.0260034737237445,51.496018634223205,0.0,0
659,29.84317601,-24.72739952,lc,2.960281942,0.0,3.3,4.32538536391704,0.7141100057652016,3.313855597411465,5.237439574702149,7.876727783274678,19.13182576141737,14.633630871089359,0.0,3.372134465249305,58.605109422826565,0.0,0
662,33.5364737,-24.55919442,lc,1.57,0.0,5.0,0.0,3.973756549650842,1.349084639291119,5.898469944889255,9.19609281418623,0.5558045099891726,3.1722244968445747,2.4341752183509997,23.78617491729861,50.3657830905008,0.0,0
663,32.3582099,-25.05719745,lc,3.596901714,0.0,4.6,1.6537549912362826,2.404502185963597,4.680798496402686,3.3295905460676782,10.008945424516556,1.9303872305373797,2.2905066588845155,16.68186640805318,6.392392828239091,49.37274476990096,0.0,0
664,31.65413565,-25.54868771,lc,1.42,0.0,2.3,4.189009973601295,5.906684190121277,2.626951085240468,2.970630046944378,12.228384396745206,2.5781635503769875,7.338346739602924,12.76746593655715,6.646129569135061,57.25176548832475,0.0,0
665,30.69409496,-25.00207279,lc,1.96,0.0,3.2,6.782358026159497,3.8410812601400526,1.0575119418911791,6.055287784557482,3.059747822905086,10.49436740447186,20.83048065433537,4.234403860442028,5.992288122014598,62.34752687691716,0.0,0
666,30.38296304,-25.47662664,lc,1.97,2.864788976,2.8,6.659790201037945,2.2529652011893013,2.2790549650550154,4.950189123104168,6.252299570591038,19.938377479614527,7.752597989963398,7.259784886658598,3.800069246966477,61.14512866418047,0.0,1
667,30.91378578,-26.75850542,lc,0.7,0.0,2.0,2.2774550068226667,5.1624750602792275,5.725524130728608,5.7198890833642295,3.8197957208966824,11.191619687064321,18.376128865401462,4.442946860837811,3.2115307308953582,59.92736514629037,0.0,0
669,32.21888071,-27.73815665,lc,1.45,0.0,2.5,12.584401625474733,2.8703043250116287,4.347471457911906,14.573435586261287,2.9837148479729887,1.6203527432762523,6.582169677059751,10.603806265477598,2.9572125977747232,59.12286912622087,0.0,0
670,32.17224904,-27.88630041,lc,1.26,0.0,2.5,15.1557015727664,2.939060591130777,5.937231728077159,14.15929380127626,1.8194463594162054,6.381823098777785,1.8153335359001896,7.836072588854973,5.723939972890049,61.7679032490898,0.0,0
671,32.39425555,-28.1349825,lc,1.94,2.53,2.9,7.121842014410015,2.792562845065705,2.75094047918004,16.04122405036288,2.8373338995556017,7.367251934160054,1.7458878213854758,2.832556245640689,10.250473330867932,53.74007262062839,0.0,1
672,33.2394572,-29.35499423,lc,3.21492985,4.456338407,3.8,0.0,5.022770352075636,2.893523619985358,12.414927642920897,2.821604107199935,8.881908836344296,0.8756384220822213,0.33988107977773224,6.0211717306534505,39.271425791039526,0.0,1
674,35.35639928,-28.84446645,lc,1.57,2.9,2.7,0.0,26.549424739065007,1.476341927364544,1.4516894736335522,2.9347338217018777,1.264007115105005,9.71239521278157,11.792673212415504,3.948700891192722,59.129966393259785,0.0,1
675,36.14698339,-27.64530544,lc,33.10422816,0.0,2.5,0.0,3.341498303702777,0.0,2.151217565479528,1.45873387586912,6.0514017962904365,14.624494894658469,3.9356625040244833,6.188246215385142,37.75125515540996,0.0,0
683,43.16829426,-26.62296204,lc,17.0614099,0.0,12.0,7.8450529151443025,68.34181136287168,0.0,0.0,0.0,7.298843634830862,0.7696703459719505,25.02766899697418,1.3430334252757608,110.62608068106874,0.0,0
693,41.44877197,-26.34615793,lc,24.03239641,0.0,14.5,42.806908777702105,44.441086162362105,0.0,0.27518757017748985,0.0,6.192991769685466,2.2553986338499272,9.350956623052104,12.332934110533115,117.65546364736231,0.0,0
694,42.44435275,-21.06685737,lc,0.69,1.42,2.0,0.0,0.49410372739265424,13.492823763018027,0.0,16.71714993664923,8.19436699060061,7.010574068516595,1.2393643170116462,3.674501920980684,50.82288472416944,0.0,1
712,31.97958923,-31.22680838,lc,4.901972247,5.952394872,4.9,0.0,0.0,14.596911711869627,3.64424479516229,1.4168618416182754,8.982582509313783,1.952560321402741,0.30138933347690244,4.9628567847293965,35.85740729757302,0.0,1
713,30.74142053,-33.68993775,lc,29.0935236,0.0,16.1,0.0,0.0,1.7781242645073267,0.5020804691351923,2.7849014934961698,2.022738261229843,7.635016799276298,4.349147339194487,5.677306699553383,24.7493153263927,0.0,0
715,28.35482258,-30.15763217,lc,2.55,0.0,3.4,6.089036022378007,8.333664351009663,4.310520262962687,1.6002969968056218,10.060582335307558,11.74279629338148,7.134966506006399,4.927362310631297,4.15662902389546,58.355854102378174,0.0,0
717,27.30058912,-39.45360586,lc,28.71155173,0.0,19.4,0.0,0.0,0.0,0.0,0.0,5.357479578620662,9.088672005618477,0.1098440030990073,0.425406473538809,14.981402060876956,0.0,0
719,22.69986222,-35.87163786,lc,0.91,1.58,2.0,0.0,0.5127517986374408,0.0,0.0,7.189947308967791,4.924194512443894,0.4342360828464529,7.7709788108783115,4.45522852338983,25.287337037163724,0.0,1
721,19.35008586,-30.68249527,lc,0.43,1.12,1.6,0.0,0.0,0.0,5.422483187381917,8.630172112416464,4.879660454523789,10.852111916217883,9.764788537691118,7.627182647988135,47.17639885621931,0.0,1
722,18.07716904,-34.59280662,lc,32.18112949,0.0,21.4,0.0,0.0,9.45557064037604,0.22219859124599747,0.29429357387004884,4.130639068490701,0.0,6.0061113068906335,0.0,20.10881318087342,0.0,0
723,16.03191024,-32.98725739,lc,2.54,0.0,2.9,0.0,14.814945805415608,19.737957648346004,0.0,8.798562580032556,0.13675478049909368,0.0,0.125256889094471,1.7043943022867958,45.31787200567453,0.0,0
724,15.45895632,-30.1517821,lc,21.29493139,0.0,15.7,0.0,0.0,0.878047046934499,13.74271458165196,5.911476712773189,6.242266213732667,1.3369524613978063,0.83608115115457,2.2328726292077326,31.180410796852424,0.0,0
725,15.09772605,-34.41727762,lc,25.30563595,0.0,15.3,0.0,1.4870190348152719,10.782360218639235,0.0,4.974563423769155,7.9396457931267586,0.12220751676788336,1.853893784820096,0.0,27.1596897719384,0.0,0
726,8.280799879,-36.85981673,lc,12.5732405,0.0,9.0,0.0,0.0,0.0,4.7928191918145435,13.350027115058872,3.4718267779187992,1.6623252448105115,6.095275747647931,12.991020451971155,42.36329452922181,0.0,0
727,6.008110966,-33.48582914,lc,37.24225668,0.0,21.0,0.0,0.0,0.0,0.0,11.72231183344687,15.94234662401077,0.0,7.314969550664358,0.0,34.979628008122,0.0,0
728,4.814019106,-37.96763631,lc,17.44338176,17.76169165,13.1,0.0,17.219408089770397,0.0,3.4546780664909265,8.12619613840711,6.182404018188489,20.074352801183938,3.7078933899326287,2.4102538137134277,61.175186317686915,0.0,1
729,3.682148909,-38.27163152,lc,20.18084678,20.53098766,16.2,0.0,14.88365241882568,0.0,0.0,3.238192311216804,20.23308590960693,17.23915768065438,6.6010504475459255,2.686706600915414,64.88184536876513,0.0,1
730,2.099644167,-32.60697777,lc,19.51239602,0.0,13.2,0.0,29.041681676665274,0.0,0.0,23.513103183696774,5.492480888002012,4.8006705333356825,2.8387547762649943,0.0,65.68669105796474,0.0,0
731,0.801165984,-32.57747666,lc,37.71972151,0.0,14.6,0.0,22.05305364947888,0.0,0.0,0.0,22.923515300365228,10.676473547339247,0.0,2.752244886153297,58.405287383336656,0.0,0
801,1.312280744,-43.56309334,lc,12.89155039,13.62366313,12.3,25.845695257730238,10.705050040925105,0.0,6.684742359539556,17.128071154816013,8.652388220979836,8.239985656237554,8.999875628157453,0.0,86.25580831838575,0.0,1
802,1.806062187,-44.13905582,lc,19.60788899,19.73521294,15.2,16.992705484488436,10.930428221364744,7.263614214597561,6.177846205259264,15.406287222568501,0.0,19.68572467423579,5.807414078471966,0.0,82.26402010098626,0.0,1
803,2.620214093,-43.3631622,lc,12.00028271,12.38225457,11.4,0.0,27.17779738746433,5.599221918595292,5.310366132913763,12.991284432390083,13.55264720247381,7.712616203448713,0.0,3.2944552743734725,75.63838855165947,0.0,1
804,3.641241533,-45.48873307,lc,12.5732405,12.70056446,12.6,0.0,13.095934637225643,30.693103983779785,4.426898182674351,6.6815034418060195,0.0,6.357503655361419,18.905591936840136,3.643990692350318,83.80452653003768,0.0,1
805,4.379302907,-46.24241653,lc,13.81464906,14.29211389,11.5,0.0,34.06803227009944,0.0,13.215407610586126,7.6251495197547845,0.0,6.5186483391051295,11.861439397312688,14.064705276996847,87.35338241385502,0.0,1
806,3.544790681,-47.85870044,lc,32.84958025,33.51803102,18.5,0.0,7.594612617075852,6.296670789979841,8.393469687784354,21.168219045229307,0.0,4.692728836380203,10.546088570088736,8.383251841103597,67.07504138764189,0.0,1
807,7.119128175,-48.272737,lc,11.90478974,12.22309963,11.2,0.0,0.0,3.508323953487375,19.835463490690817,21.32590582936372,0.0,20.817561855349606,5.882024366767258,0.0,71.36927949565877,0.0,1
808,6.118816145,-45.46135623,lc,7.798592212,8.180564075,7.3,0.0,7.244863693581316,13.332197967138999,9.338877176221098,12.13002907153352,11.207585669879352,0.0,12.323156424734064,8.050608741663137,73.62731874475149,0.0,1
809,8.2400703,-43.79144398,lc,11.52281788,11.65014183,9.3,0.0,10.519587191352084,2.8886991480736004,6.121050329466822,8.162931815939297,6.107025250003161,15.933457842794654,8.114024055337358,1.5028891046892865,59.34966473765626,0.0,1
810,8.970067549,-42.17883894,lc,18.62112834,18.93943823,14.0,0.0,6.50955651910462,0.0,0.0,7.003488581070364,6.979528537973713,12.871627798391447,8.551740561564326,5.1723256013454435,47.088267599449914,0.0,1
811,11.16627446,-48.44237585,lc,12.06394469,11.90478974,10.6,0.0,0.0,25.10390876020614,8.94828795388781,4.797960483069236,5.795252652604544,11.647465722864151,11.002274237209253,7.222822937097401,74.51797274693854,0.0,1
812,11.45103727,-46.13999532,lc,24.35070629,24.8918331,16.0,0.0,5.389194940061735,5.200147186849526,10.509581365685767,7.75392397250786,7.914688971811038,0.0,9.094160745949116,6.245579844369759,52.1072770272348,0.0,1
813,13.31341689,-46.26299501,lc,10.0585924,10.28140932,7.9,0.0,13.04662699375287,4.216315570311179,17.39619669413526,0.0,6.9975266085695855,7.424392818994802,1.6173608931572363,2.3976318878855905,53.096051466806514,0.0,1
814,13.66822591,-49.40147113,lc,19.98986085,20.18084678,16.7,0.0,7.596935832781927,7.803183735309643,16.872203889247036,9.571547337538114,6.373493469400901,3.384069129551357,2.8093296745129877,5.889674846145502,60.30043791448747,0.0,1
815,14.84848699,-47.8556321,lc,9.326479665,9.67662054,8.5,0.0,10.278093874982675,15.702295043605506,13.559750957056677,6.910189770496941,0.0,0.0,5.104170532834685,3.920702569827404,55.475202748803895,0.0,1
816,16.68158465,-45.75262204,lc,9.008169779,8.75352187,5.2,25.417477226428883,0.0,3.343082303807413,9.48845920718953,4.668286172322356,5.9393803046429765,2.7047287146435885,5.513123699280896,5.281349310177831,62.35588693849347,0.0,1
817,17.16425687,-46.13960353,lc,15.72450838,16.07464925,11.7,14.561024400658393,0.0,11.382855202576364,2.6341503391811454,5.025896092733214,5.697387496715198,2.6727235365098014,5.924130344533377,0.0,47.89816741290748,0.0,1
818,19.29362073,-47.43550622,lc,20.30817074,20.62648062,14.4,0.0,0.0,6.699742728360717,3.7985196995817145,3.013144372888899,12.318135560063093,2.6235933690778146,7.378639545931536,2.4651900839716863,38.29696535987546,0.0,1
819,23.60732023,-43.35614263,lc,27.94760801,0.0,16.9,0.0,0.0,0.0,0.0,0.0,8.764140451962328,1.6317576769715845,4.232788784363535,0.11544641829288492,14.744133331590334,0.0,0
820,26.29090397,-49.39425484,lc,10.50422624,10.59971921,9.2,0.0,0.0,0.0,0.0,0.0,0.0,7.98481468883048,5.316073256544485,0.0,13.300887945374964,0.0,1
821,33.91490613,-40.24440262,lc,31.67183368,0.0,18.6,0.0,0.0,0.0,0.0,0.0,1.4768357002271537,4.310123244122391,4.949834785736885,0.0,10.73679373008643,0.0,0
822,39.579541,-40.45564705,lc,8.371550007,9.326479665,7.3,0.0,3.8842423308598892,0.0,0.0,0.0,7.756527484523836,0.0,1.404074948190734,0.0,13.04484476357446,0.0,1
823,41.21687284,-41.22968309,lc,7.034648485,8.148733086,7.3,0.0,4.622424131274813,0.0,0.0,0.6413083886157189,3.5825910069353233,0.0,5.712337457386981,0.6403543477324876,15.199015331945326,0.0,1
824,43.17397431,-48.81605281,lc,11.07718404,11.4591559,8.3,0.0,14.772157753868752,7.577831319609402,0.0,0.0,0.0,0.0,4.473571285239736,0.7613076239794984,27.58486798269739,0.0,1
825,44.83681061,-49.25196537,lc,5.570423008,5.697746963,4.4,77.70089186948424,9.652756132835588,0.0,0.0,0.0,0.0,0.0,3.249783013090579,2.989518934403871,93.59294994981428,0.0,1
826,45.00899252,-49.50039967,lc,16.93408594,17.37971979,11.1,56.130996133129564,9.29679619455033,0.0,0.0,0.0,0.0,0.0,3.2503582743662287,0.8555167186698648,69.53366732071599,0.0,1
827,44.97396131,-49.88962127,lc,10.44056427,10.79070514,8.8,90.98488938906137,0.0,10.281600428565554,0.0,0.0,0.0,0.0,0.0,3.4923991000954295,104.75888891772235,0.0,1
829,45.53027722,-41.0549568,lc,0.56,1.0,1.4,8.547638126136851,8.306754753409347,0.0,0.0,1.6566545589311323,3.078549236796674,0.6703040640160569,0.0,7.588781356985788,29.84868209627585,0.0,1
830,46.48491084,-41.76191128,lc,9.867606472,10.79070514,6.6,0.0,1.9692310009090082,0.0,0.0,0.0,1.7847642127761454,0.0,10.330478531673235,2.1825655308498813,16.26703927620827,0.0,1
4760,5.8,-22.2,lc,1.86,1.86,2.5,0.0,5.813925310318023,1.0034690686289718,10.826641788272825,6.735293262014838,6.037390269171638,7.305507089827923,2.1250616081939473,5.418139338175884,45.26542773460405,0.0,1
