num,x,y,spp,dbh01,dbh04,hgt,crd1,crd2,crd3,crd4,crd5,crd6,crd7,crd8,crd9,kabudachi,death
2,4.534751275,8.606925568,bp,4.710986316,4.965634224,3.8,0.0,8.329036857687951,0.0,6.24818092498454,0.0,0.0,4.412545734753303,0.0,2.4536252902781417,154.08526417952427,1
3,4.649050118,8.685680649,bp,3.596901714,3.533239737,3.1,0.0,7.801909187308181,0.0,6.144755734896622,0.0,0.0,4.417384134167479,0.0,2.4594292011225303,167.64884530610922,1
4,4.541337313,8.74979935,bp,8.276057041,8.912676813,8.3,0.0,8.352228834143524,0.0,6.018809122699782,0.0,0.0,4.402296684857338,0.0,2.4911211304181036,142.98634876801182,1
5,4.442832544,8.562818777,bp,1.69,1.92,3.6,0.0,8.803437060042892,0.0,6.2957704309593945,0.0,0.0,4.406876385490126,0.0,0.6482331175419382,149.76896597360115,1
6,4.289145621,8.931242653,bp,2.51,2.801126998,5.3,0.0,9.90611416382289,0.0,0.0,6.2312137040186215,0.0,2.008024324748942,2.4773124334626564,2.904071795519468,145.01803228404336,1
7,4.307478628,9.057609198,bp,1.83,2.355493158,3.5,0.0,9.639978377060833,0.0,0.0,6.029350557123149,0.0,2.029103050801764,2.4483358375067437,4.678416438922797,164.33877616909544,1
8,4.384790974,9.080474258,bp,2.84,3.21492985,4.0,0.0,9.102860471377276,0.0,0.0,5.929914222581596,0.0,2.0394224372138865,2.4468917764164653,5.678101414680089,174.5448827690991,1
9,4.467092129,9.014438999,bp,5.156620156,5.411268065,6.0,0.0,8.68129434062324,0.0,0.0,5.957344152502888,0.0,2.0359864789034385,2.467222486141193,4.624111523706848,161.38616396591402,1
10,4.573330983,9.237331407,bp,2.42,2.419155135,4.1,0.0,7.8983660734130625,0.0,0.0,5.57732948011959,0.0,2.0823034931261883,2.417511216766997,6.464935127095264,133.4284622365298,1
11,4.65433204,9.105441976,bp,7.894085177,8.244226052,6.6,0.0,7.66860322779291,0.0,0.0,5.700309201544677,0.0,2.0677126506390318,2.4539056035123124,5.627828086416009,111.45396391757028,1
12,4.357567182,8.892998692,bp,0.76,0.71,2.1,0.0,9.442677333447945,0.0,5.758924136379152,0.0,0.0,2.0074792253225207,2.49062418861738,2.554913206658782,184.36139939923822,1
13,4.905947437,8.729910048,bp,0.54,0.59,1.7,0.0,6.776627375321222,0.0,6.110358422916982,0.0,0.0,4.436445765571622,0.0,2.671217007566176,178.71732306888595,1
14,4.905947437,8.729910048,bp,0.81,1.33,2.1,0.0,6.776627375321222,0.0,6.110358422916982,0.0,0.0,4.436445765571622,0.0,2.671217007566176,151.71732306888595,1
15,4.913632476,8.918859208,bp,0.39,0.85,1.5,0.0,6.741169009535261,0.0,5.819058883524319,0.0,0.0,4.4232968834898765,0.0,5.402029562519395,104.69909065320924,1
19,6.909316774,17.28119339,bp,11.04535305,0.0,5.0,0.0,0.0,0.0,0.0,0.0,13.714831653461989,2.1489474803202433,2.4782504458093513,7.266323506851214,58.859107964433285,0
20,6.899912072,17.63459592,bp,10.40873328,11.42732491,8.2,0.0,0.0,0.0,0.0,2.48719157321726,11.095718641999943,3.132941681485166,3.720385735254365,2.886395339006208,139.62016025287843,1
21,6.890765275,17.69562599,bp,4.297183463,4.551831372,5.5,0.0,0.0,0.0,0.0,2.6398490185943913,11.077120032392774,3.134907175455495,3.753708894366087,3.471497861811476,242.30657269946013,1
22,6.833333726,17.8773298,bp,4.456338407,4.61549335,4.0,0.0,0.0,0.0,0.0,6.4369823908059915,9.171856317819334,2.052224396115194,3.385501017383259,2.0195746889574644,112.62953088750174,1
23,6.988692959,17.92732174,bp,2.896619964,2.960281942,2.9,0.0,0.0,0.0,0.0,7.189984589319294,8.692726814320588,3.894073899263791,1.2613177895942727,1.665607554829304,103.56710195025306,1
24,6.597033223,17.7890832,bp,1.76,1.909859317,3.1,0.0,0.0,0.0,0.0,3.2647828861296553,11.905044157011478,1.6594821633211672,3.9098233850962583,3.5852469441083126,99.57438750965956,1
25,6.590440656,17.62216538,bp,1.98,2.196338215,3.7,0.0,0.0,0.0,0.0,2.030524649827296,11.296117224294969,3.1740436224985467,2.5764971062750455,4.693800449007728,100.12411406993706,1
30,8.302944683,22.16275509,bp,1.82,2.705634033,3.8,0.0,9.67689397228321,1.1183080440662936,6.477207300865688,7.896553719771645,2.339314405416663,0.0,0.08990256232125261,2.8169338340062424,131.96727287470824,1
31,8.418489093,22.1145783,bp,4.297183463,4.61549335,3.7,0.0,9.552217197130163,1.1369221962111238,6.379223839832816,5.542405744558999,4.6617521123498875,0.0,0.08853496308593593,2.7589464228131653,120.5453204620844,1
32,8.640717582,22.44507662,bp,18.23915648,18.52563538,11.9,0.0,5.511619540326882,4.306639612219419,3.9082789538314313,3.9144776214032593,5.80209136360158,0.0,1.5987743377352153,1.1993379960894532,126.42676515346443,1
33,8.507267028,22.71501523,bp,13.59183214,13.68732511,5.8,0.0,6.739814861777706,4.5030536894110185,4.2833026123047055,2.738997657530697,6.862603613638091,0.0,1.9280630017262204,1.0134647959717564,128.926085160859,1
34,8.811950518,22.14812198,bp,5.856901906,6.68450761,4.3,0.0,4.546445360029302,1.2694676690671112,6.356438391019852,4.946326094047687,4.9102850906200155,0.0,0.08394946131357117,2.4933067049401085,129.29826210650185,1
35,8.946126596,22.23051988,bp,0.62,1.06,2.1,0.0,4.488894602984708,4.295863011530667,3.517706721377971,2.3967489651733103,7.26898476198028,0.0,0.08241519462381316,2.326126855351932,163.16466330918672,1
36,8.916752409,22.42262801,bp,2.99211293,3.9152116,4.5,0.0,4.881545171474339,4.554454575883936,3.675964799195082,0.6924368003569563,8.82907048351752,0.0,1.6007395934375905,0.9980900784992817,168.31815751979263,1
37,8.925955508,22.88300507,bp,15.40619849,16.71126902,14.2,0.0,7.5086655648133185,3.621077750518083,4.018660179310485,2.6828936393466924,6.5004819066728015,0.0,1.9790448912261036,1.3086273794526229,122.63555738690219,1
38,9.04454747,22.93875162,bp,4.679155327,0.0,1.7,0.0,13.219766188658172,3.8052126632408494,3.944315241754223,2.666824557019035,4.565787492876033,1.8265598011973112,1.9955145635236688,1.3116410535980396,183.11931673585352,0
50,1.070079198,30.0129831,bp,1.54,1.55,2.2,2.836211289063881,3.2829799119588716,2.1108879521886963,0.0,0.22864836811089564,4.178747025624572,3.51072545211229,3.177149063157335,2.8787147025787414,32.4315767422322,1
51,1.087553512,30.01110021,bp,0.57,1.15,2.0,2.906403725863086,3.2703060899678604,2.1030756551178045,0.0,0.22894905825271453,4.1767775361849555,3.5142276378403916,3.1787452242102683,2.879112889800943,87.6221547070835,1
88,19.49491609,28.80229213,bp,2.53,2.641972055,2.9,0.0,0.0,0.0,0.7835876117479577,2.3065457181987403,8.723230942348707,0.8434672957985933,3.602665779516979,1.5336886337256592,91.26426727378941,1
89,19.16681091,28.65414696,bp,1.87,2.21,2.8,0.0,0.0,0.5566993388326373,0.2484120679855944,0.6297013137136753,9.758359918326768,1.0828895666925857,1.3552227358996503,3.7148061124991987,163.94889308219155,1
90,19.01433591,28.50552349,bp,1.86,2.07,2.6,0.0,0.0,0.0,0.7942062180278879,0.0,10.118393312635378,1.5637852486818125,1.501216115197241,3.0270324917645333,126.81156724153487,1
91,19.28818616,28.62802263,bp,12.15943765,12.3185926,7.4,0.0,0.0,0.0,0.7818943364453234,0.63169705426919,9.75949883393215,1.0973475175395948,1.7934587852140964,3.291027622718451,82.74219132543672,1
92,19.56290792,28.4251192,bp,3.16,3.660563691,3.7,0.0,0.0,0.0,0.7088905427829164,0.08514636578571601,9.336755409300622,2.087988071342787,3.6841339588419344,1.1977758861363668,88.90364011491332,1
93,19.5558921,28.66597854,bp,0.69,0.72,1.6,0.0,0.0,0.0,0.7497743279029617,2.254464608375776,8.563561099396377,0.8510725028855483,3.3063451518674456,1.8232567078488215,110.88517413291098,1
94,19.07484955,28.29398063,bp,12.92338138,13.62366313,6.4,0.0,0.0,0.0,0.7436207177685236,0.7240876226015103,9.13084585003069,1.279526520397749,1.7945126046569044,3.003252847659687,67.07510857400662,1
95,19.31219183,28.19753908,bp,2.02,2.74,3.4,0.0,0.0,0.0,0.7005976897583843,0.8111483336534873,8.982127692081917,1.3073768971426498,1.7698312887846175,3.045767231776546,115.31237351821916,1
96,19.39503726,28.23270488,bp,1.24,1.93,3.3,0.0,0.0,0.0,0.6974730968153551,0.8040406546324754,9.054483548303681,1.3185943581304973,1.7570008816319134,3.0742052961418276,117.89624737353061,1
105,19.69916376,20.65348857,bp,3.628732702,3.756056657,3.5,0.0,2.387874670879805,0.3997461053387271,0.6379612842990976,0.0,0.6790356714571453,6.38173392091255,8.57212364118999,3.062007560919006,0.0,1
108,19.67472816,13.7331669,bp,0.44,0.8,1.6,5.8822705393502,0.3495690410580972,8.351053019479282,18.185835143957554,6.647588209651821,8.218407341792561,0.9344971390379443,0.4869438906319196,2.1355267761197196,28.698519673414175,1
109,19.51290635,13.84346365,bp,0.19,0.38,1.4,4.903179718820487,0.3927016125638468,5.520803618354256,15.276954862140112,9.406643315333554,9.704148455346385,0.9495194387456549,0.48419307886426094,2.094451403979224,76.73307749600677,1
110,19.66967545,13.82849535,bp,1.0,1.28,2.4,5.789751244162543,0.3577506271104536,6.261271451159941,20.041893890647493,6.634056288474979,8.137466022254074,0.9431857901842561,0.4895244447649388,2.129862259885419,25.268338675444888,1
111,19.45059203,13.83748748,bp,4.265352475,4.488169395,4.9,4.6120175259751415,0.40722818377707204,7.223641402888321,13.360395740364297,9.307995686055438,9.612883424397912,0.9508953713464812,0.4817758842044794,1.4590219965280598,9.375525287397648,1
112,16.47161312,13.88853747,bp,8.785352859,9.549296586,6.3,0.0,1.2374807653417954,1.4316067495672524,1.5862806458809957,0.33991292757535535,4.422496628513162,9.53697565339214,4.806921654404661,5.1466347036631115,0.0,1
126,21.83654062,11.59546112,bp,1.01,1.09,0.0,0.0,20.647612351937003,21.14315505456195,18.20038746246368,0.1295943813476608,2.6692302755707056,2.3297366591779767,1.8900334526298779,1.7240443710068902,62.218882852963375,1
133,24.4813307,11.26108677,bp,4.456338407,4.742817304,8.5,0.0,0.0,16.307784362532118,19.891323138944756,1.5590743487529932,1.778500390324784,0.8747154720601156,4.226094587920131,7.058166437454642,155.97849892102226,1
134,24.48375705,11.3246776,bp,3.787887646,4.106197532,4.1,0.0,0.0,16.32015460585536,20.71370769772428,1.0371990032129996,1.7870058043991488,0.8689981760168763,4.205579560316713,7.053024722644386,177.67203451803556,1
135,24.43156071,11.48465801,bp,8.467042972,8.626197916,7.1,0.0,0.886498076116474,24.102758229613084,14.087618697641872,0.790340505802246,2.077002614177065,0.7289476050770807,2.7806360250962605,8.617875159106756,99.87798611580742,1
136,24.25632119,10.97345114,bp,5.888732894,5.76140894,6.6,0.0,0.0,17.44617735568044,15.8818378469253,4.308484680038209,1.7654729395558886,0.8791847641094765,5.586162041749045,5.67817640818312,99.64076265942428,1
137,24.04266054,10.75532407,bp,0.63,1.27,2.3,0.0,4.789755992054389,18.57535252304997,15.16809418436311,4.095470401401142,1.351621505328647,1.2837486844548653,5.641789984673982,3.0523763099244285,154.69189090714758,1
138,23.97581063,10.57747275,bp,0.9,1.47,1.9,0.0,12.381737270871422,18.69389605327009,7.026527035626701,11.327288850071554,1.5639802254788793,1.283318618559651,5.716464677459924,3.032229412831212,98.76665982113973,1
139,23.90415344,10.78510482,bp,11.14084602,11.55464887,1.6,0.0,4.704886674254998,19.671908940900607,15.285438249368982,4.04023486150691,1.3841744318694302,1.348007939189355,5.502787335460875,2.9669175238857326,88.45260133017017,1
140,23.81413609,10.89146298,bp,2.27,2.705634033,2.8,0.0,0.6816324703731723,19.945788687232795,15.676815321427846,3.7744528346199093,1.6864240265770594,1.3292437938871626,6.533274434984352,0.27904198095163496,162.60748781142505,1
141,23.80324496,10.79989943,bp,0.55,0.58,1.5,0.0,5.242164735447944,19.861473178647906,15.339509873134643,3.998793162477164,1.4076772891302785,1.3322807143890616,6.573135164339743,0.2784985412001091,195.60776792503785,1
142,23.77682103,11.15813707,bp,3.978873577,4.13802852,4.8,0.0,3.4517370495622033,17.94893863772222,16.7681375601922,4.169608953850179,1.4317747137894596,0.9388473984371788,5.398871121012247,1.6668380895974322,191.57418147115578,1
143,23.82222553,11.16380723,bp,5.029296202,5.411268065,5.5,0.0,2.5393251005766677,18.44835847153977,16.788942137236724,4.191292285517119,1.4250989906495972,0.943184295199215,4.103832829461741,4.564221898868404,171.79973836386336,1
144,24.31968047,11.74054771,bp,4.901972247,5.347606088,3.3,0.0,12.563097923374691,25.530369053497353,14.838083382023996,0.8328869010181441,2.115227669567202,0.41786934570593054,2.9902719040889414,6.971156332461182,69.1461093186802,1
145,21.97132574,11.53273059,bp,1.33,0.0,1.3,0.0,25.733499476017084,18.288504220304766,17.85020495520019,0.4110663786828218,2.6580567170249885,2.3635391656792297,1.9081775811284936,2.0406347236186337,46.49793335901628,0
146,21.7827579,10.54029764,bp,19.09859317,0.0,7.5,0.0,16.604490369923536,21.885401506787804,1.103125567525433,13.583973160124117,1.1915022180593948,5.519892427934498,1.6997989972999867,1.0739300590018026,0.0,0
147,21.71355393,11.60416447,bp,2.29,2.450986124,2.0,0.0,18.462923887888337,22.229524379943054,17.584187028026218,0.4191485325944743,2.678272230172335,2.1063223764400156,0.2742819866951329,3.5311677474311574,46.81863505870157,1
148,21.78553769,11.94731163,bp,3.469577759,3.501408748,4.6,0.0,13.573820894808984,33.15853324315514,8.663705556389715,0.13670226404419014,1.9236044043998815,2.926516428178039,0.49370041809290854,2.4455002002727158,58.49550826010567,1
149,21.95167055,12.18468638,bp,5.98422586,5.856901906,5.6,0.0,11.553608623834178,36.27592996811794,7.892584783663935,0.13620520998888505,1.9186931526062596,2.9918905091571917,0.5001257636341249,2.5286890179025034,73.39513188877098,1
150,22.02183317,12.08199862,bp,0.7,1.11,2.0,0.0,14.247867118496304,33.402207138572194,9.236682009767815,0.13287216393848386,4.6377836427524,0.27586906909438236,0.5057688956355844,2.4246681067849862,110.79795740050658,1
151,22.1852257,12.1449738,bp,3.501408748,3.69239468,4.9,0.0,16.304121025273396,39.35682773559044,2.526978842654719,0.12974586971986224,4.687936779574965,0.2716427459204311,0.5147984727338789,2.5356327932712373,63.316565260217956,1
152,21.91691253,12.38250162,bp,6.525352667,6.748169587,6.4,0.0,10.339871332192589,44.050852887603156,0.3585246748528318,0.14014961188437783,2.2343164002992957,2.689722009550789,0.495198389626482,2.6521542400222637,56.5418054258796,1
153,22.27553891,12.64691356,bp,0.65,0.0,1.3,0.0,3.9711934849100503,56.49740413830417,1.4544778578304425,0.5588651528648436,3.540976558084605,1.0560274571065948,0.512142201338524,1.2931540220449727,37.30600613085758,0
170,25.09757866,34.13590656,bp,15.59718442,0.0,6.1,0.0,0.0,0.0,0.0,11.229495283428676,2.908732036234918,0.05996510804534054,1.260700987926193,6.694576214095766,14.817095030466715,0
171,25.43332391,34.33418221,bp,4.233521486,4.392676429,3.7,0.0,0.0,0.0,0.0,10.632601718270385,2.606332041966919,0.05780262607331283,0.4549077608578768,7.309154712496141,43.57894278160785,1
172,24.90735078,34.66329612,bp,2.22,2.450986124,3.6,0.0,0.0,0.0,2.6714863696793945,10.033200836214816,1.8184930193095383,0.4839517017684482,0.8545120901803137,6.5266395840483735,34.643173267679224,1
173,20.55777251,33.49386522,bp,7.512113314,7.671268257,7.7,0.0,1.6558921903626076,0.0,0.4356720585126489,6.512322089855767,7.667128680479003,0.057345501454124787,1.5595530103222517,0.8108863672076472,99.98119694057084,1
174,20.86937028,33.30621965,bp,3.119436885,3.947042589,4.6,0.0,1.367789797595714,0.0,0.4195467884925483,9.633052646081152,4.919358985817408,0.8690371624360375,0.7747364792018411,0.38815885357353513,101.66180545268367,1
175,20.54820962,33.73393535,bp,1.27,2.005352283,2.8,0.0,0.0,0.0,0.41995610092371094,6.872117394724297,7.098949579058007,0.18630622772330752,1.408930540415204,0.8326182400038626,183.16677953224502,1
176,20.65225761,33.79418337,bp,10.44056427,11.23633898,9.9,0.0,0.0,0.0,0.0,7.42419014875958,6.990303232184549,0.18935206508774866,1.4032406350950648,2.6244458479422192,114.08082361541877,1
177,20.85173115,33.61657192,bp,6.111549815,6.875493542,5.6,0.0,0.0,0.0,0.0,7.559329693387859,7.140568524192177,0.24621726155022178,1.3683051808132218,0.8292231782722688,158.96722924846526,1
178,21.0009762,33.60789967,bp,7.671268257,8.116902098,9.2,0.0,0.0,0.0,0.0,7.726110008940506,7.090416515513501,1.0456932313090999,0.5748021487583456,0.8317752060885426,127.92695274638699,1
179,20.97847287,33.95872606,bp,10.66338119,0.0,6.8,0.0,0.0,0.0,0.556174409881361,7.314117974867805,6.687570158252956,0.198894136618301,1.809210842582301,2.2498914032531423,88.98920094940259,0
180,20.6057334,34.51333553,bp,1.69,2.132676237,2.7,0.0,9.885197464685398,0.0,1.1331959535237008,6.539128798197989,0.550997061279297,5.867413278784151,2.238504807385885,1.9384717921971073,46.40758263003702,1
186,26.08806805,46.32643876,bp,4.551831372,4.83831027,5.0,0.0,10.830410853353207,0.0,0.0,1.0669387665314871,3.3018492648808238,0.0,3.9367153812514863,0.8225110353742656,85.88002409748827,1
187,26.36302701,46.65852741,bp,6.46169069,7.002817496,6.6,0.0,0.0,0.0,0.0,2.6962013323286596,0.7857468761418097,0.9192126720199222,0.8236434671278935,3.5951421182288583,138.98108234353626,1
188,26.10917963,46.69040539,bp,5.729577951,6.047887837,6.7,0.0,0.0,0.0,0.0,2.617502801406758,1.6971526773167267,0.0,3.9485239983064453,0.833657791807361,145.31535890281756,1
189,26.35622472,46.8162165,bp,3.9152116,4.010704566,4.6,0.0,0.0,0.0,0.0,2.743750455839817,0.0,1.735422484232511,0.8276453018623063,3.6017841529380323,168.08537698201823,1
190,25.93341499,46.75386456,bp,1.31,1.43,1.8,0.0,3.434631031608231,0.0,0.0,1.0295274914220975,3.3908281981123864,0.0,4.025913285183048,0.8521446998352094,170.86646569760967,1
191,26.64557984,47.05211802,bp,10.56788822,10.75887415,9.5,0.0,0.0,0.0,0.0,2.9382543026180987,0.0,1.6731516075701673,0.0,3.8563014501350095,111.94768896554756,1
192,26.92460011,46.94881381,bp,3.469577759,0.0,3.5,0.0,16.50664234413519,0.0,0.0,3.019708275752845,0.0,1.6367003636923452,0.0,3.748756442650022,88.11879178815961,0
193,26.584829,47.33891185,bp,4.870141259,4.392676429,4.4,0.0,6.803946240437035,0.0,0.0,1.9918082801478676,1.0855908787502575,1.6638373104077306,0.0,3.887510877935773,119.46840248468891,1
194,26.38270087,47.29090047,bp,1.35,1.48,2.7,0.0,4.513638566490243,0.0,0.0,1.8890078298057524,1.0828558369596122,1.695375335238294,0.0,3.9629508379710567,161.9308107318209,1
195,26.12561572,47.27440252,bp,12.54140952,12.15943765,9.7,0.0,0.0,0.0,0.0,1.7869226219112764,1.0729801759366486,1.732829534645387,0.602893104195609,4.298013979036848,103.26461644337672,1
196,26.40294026,47.5768566,bp,2.38,0.0,3.2,0.0,6.1455043844225585,0.0,0.0,2.008595930124121,1.058616668395362,1.673250412820321,0.0,3.9603246013150106,104.38063235591612,0
197,25.84220132,46.93783711,bp,9.040000768,9.008169779,10.8,0.0,3.2052875486181467,0.0,0.0,0.0,4.507963756054957,0.0,4.0722030230686,0.8669876679064348,109.21818971056247,1
198,25.79147592,46.63889349,bp,2.928450953,0.0,2.8,0.0,9.682114869184517,0.0,0.0,1.0266797936757832,3.3467123397930045,0.0,4.083015776005999,0.8617993681165644,113.40528340701059,0
199,30.57121376,48.90178856,bp,5.98422586,5.98422586,6.9,0.0,0.0,0.0,0.0,19.436256949610883,6.12752032629902,0.0,11.695244413329782,0.0,0.0,1
200,37.97262429,45.94387719,bp,12.63690248,12.92338138,10.7,0.0,0.0,0.0,4.294838557102094,0.0,5.878919514323234,0.0,2.991700391648943,1.2075603597252782,53.064641226997544,1
201,37.58664551,46.05556767,bp,1.09,1.17,1.9,0.0,0.0,0.0,2.2420960991809147,1.9471937247613271,5.7045578622505015,0.0,3.0043311348269626,1.0108968185924543,114.70323616370064,1
202,37.47892304,45.78060111,bp,18.36648043,0.0,5.9,0.0,0.0,0.0,0.31518379370535526,3.866288585930444,5.275315321891611,0.0,2.9414950593757863,1.1345558547490795,65.42478766720502,0
203,37.19510181,45.58702726,bp,12.8597194,13.4326772,8.3,0.0,0.0,0.0,0.0,3.7993593049901726,3.131755158498392,2.283592389734082,1.1536178672351955,1.5055076873558448,70.01761024506774,1
211,35.20895174,23.34408758,bp,1.35,2.387324146,2.6,0.0,1.2993599924834673,5.6301753776263785,0.0,1.1673268951406714,2.8710675394153897,16.673195652228856,2.0263254439044665,6.024421900761758,48.4264057176093,1
212,35.18994777,23.20537707,bp,6.780000576,7.703099246,6.0,0.0,1.2492636413201639,5.281436117675207,0.0,1.2027601237767156,3.13291103026694,16.71940010748553,3.9870159898041475,2.83602230481983,9.642425098043613,1
218,32.17251558,17.93114137,bp,2.06,2.15,2.4,0.0,0.0,1.444730698877641,0.14692072664076317,1.7391397709873007,6.96607478522912,5.438293451806285,4.953252309842677,6.272767151345915,185.85667683160452,1
219,32.32412661,17.64319379,bp,2.93,3.151267873,4.2,0.0,0.0,1.4590225653079985,0.16242925252569132,7.896122393913494,1.208964343963552,7.245875870213146,2.872187701573815,8.526136633701974,209.4145943399527,1
220,32.41046455,17.50389089,bp,5.506761031,5.952394872,5.6,0.0,0.0,1.6344032278544922,0.0,8.084004835511037,1.2392636609553922,7.314024191731914,3.916198567958326,7.548211107371827,183.81388075080702,1
221,31.863786,17.93730716,bp,9.135493733,7.957747155,7.4,0.0,0.0,1.2874099067503326,0.487456310860507,0.9145260971250546,7.214708993699718,5.468843842713299,4.932942830822139,5.91003944037173,206.36839434011765,1
222,31.68550522,18.03348731,bp,7.766761223,8.180564075,7.2,0.0,7.467465549364823,1.2210345124112936,0.4979128734098663,0.42632047617157065,7.156247633444986,5.249996132596712,5.428319063245362,5.919450638952548,183.73986242824384,1
223,31.64129049,17.86874086,bp,6.589014644,6.843662553,5.8,0.0,0.0,1.1841639524378884,0.4913591457369245,0.4193403605016978,7.969883708670894,5.1442519720483,4.93655372638511,6.358433682729122,215.4216198746643,1
224,31.89674369,17.510168,bp,21.89972017,21.8042272,7.3,0.0,0.0,1.2287655040998449,0.15795491118029967,6.406779777816484,2.8627545073586624,7.115311071879542,2.73741661152028,8.625313265123403,1800.4637983791602,1
225,31.89179683,17.24741853,bp,4.901972247,5.188451145,4.3,0.0,0.0,1.3441523586949906,0.0,7.13942977801085,4.410437830345778,7.004305223124937,2.3273695125051113,7.445076273571749,269.14293769811354,1
226,32.11940718,17.11477675,bp,2.13,2.514648101,1.9,0.0,7.6442870905638,1.4088699777141438,0.0,7.404658121677123,4.4630264668740836,7.005597279904918,3.238366652076114,9.092587578416818,249.3027745555186,1
227,31.99938738,17.17616394,bp,2.832957987,2.960281942,3.1,0.0,0.0,1.3734607481778522,0.0,7.272261383692927,4.4379771354510344,6.928202836383592,2.745333426959271,8.239501845807,270.10262602110873,1
228,32.26116972,17.23739045,bp,7.289296394,7.352958371,4.3,0.0,0.0,1.4938592683025647,0.0,7.288684753077465,2.2151864513286865,9.424311933972835,2.550181530055669,8.190478340092048,220.06445341410807,1
229,32.24936889,17.1001311,bp,5.856901906,6.429859701,5.6,0.0,7.122484041820693,1.4580531059375983,0.0,7.9162394489515515,4.048397798843947,6.963223232709993,3.3762232472743547,9.039662312126222,203.6905666414526,1
230,31.99259201,17.25743239,bp,0.76,1.23,2.1,0.0,0.0,1.3849482100414983,0.0,6.6908768071105404,4.900571964383053,6.8730463889959,2.4835391891826775,8.46915638516826,335.4528940605266,1
245,34.02577734,9.71190867,bp,7.448451337,7.703099246,6.6,0.0,40.20646320521463,0.3421960827016918,22.54863941354022,0.0,2.670014117143285,2.279712143546812,7.3249286474061295,13.56806334930833,44.205636263177475,1
246,34.05093781,9.693092728,bp,0.36,1.03,1.6,0.0,39.9552816597342,0.34157683312144765,22.505125019398985,0.0,2.670017181102891,2.2746864989343867,7.321311139153721,13.559930960414825,270.25159102366337,1
247,33.89485241,9.407522329,bp,2.08,2.22,3.0,0.0,30.152565127852654,11.21996251807578,15.882540643618313,2.454785234373646,2.6712205463571914,2.9009798107256657,5.229710780020041,14.11689457717985,87.34952622752809,1
248,34.06856706,9.41808477,bp,0.96,1.03,1.5,0.0,36.830939170495114,1.3737420544774859,19.280840118401002,2.5819698276897145,2.564594726585114,0.6060862103196332,7.261257280512429,14.761005699041565,72.44738112623685,1
249,33.86120516,9.31434332,bp,2.93,3.151267873,3.8,0.0,29.182288118615464,11.059029046026065,16.053284285164004,2.9346993675895408,2.1364576712744094,2.8994022911650768,3.9596801393377925,15.291016825721497,74.65702157736091,1
250,33.7133626,9.495582451,bp,2.34,0.0,2.4,0.0,26.719570729736745,15.745412510516214,15.910270649896255,3.156251704861875,1.2305107546968648,3.918061812166245,4.276249772006195,15.027021707517973,60.96509595951436,0
251,33.49599976,9.068935472,bp,2.9,0.0,1.4,0.0,16.86049249622085,29.847862849536792,5.988624414753966,4.366719354454568,0.7816389242502738,3.50792901425239,1.6276916715619965,16.087022197532725,37.11052848974221,0
252,33.81748807,9.145595847,bp,0.73,1.08,2.5,0.0,22.604829900961402,19.28970681609634,11.66739223920828,3.9980752587135377,1.2087983056948157,2.3418539424871243,5.420040159813991,13.644442365821696,70.51034042342259,1
253,33.99186409,8.913800502,bp,4.456338407,4.61549335,4.0,0.0,22.01923437806922,21.740786734735835,8.480505420757655,3.9136642618538953,2.0116831628415275,1.2353848451015534,7.8165118920659875,10.166336229777187,34.48132764672556,1
261,40.79553508,5.033308552,bp,1.84,1.95,2.0,0.0,0.0,2.2991805389565987,0.1516101172830487,0.16913511065634387,1.3806535084611746,4.6784473992777595,5.565664247632912,9.028971384183137,193.7900764785563,1
262,40.67586355,5.066075754,bp,0.97,2.31,2.1,0.0,0.0,2.3280531791476085,0.15633448456976567,0.17170034118883395,1.3916471368307985,4.76240140694685,5.548758567800475,9.08970033714476,171.75325336847473,1
263,40.044069,4.950192289,bp,1.26,0.0,2.5,0.0,17.718393992510567,2.156927615307729,0.16959555716181068,0.17355068716173935,3.895095411475623,4.008092873522072,7.5702443044376055,6.21222159195547,43.18766843281454,0
264,40.62028247,5.351199116,bp,7.448451337,7.989578143,8.1,0.0,0.0,2.6169457210842073,0.16949307892020937,0.18299858088612309,1.4656767365816803,5.226132743593918,6.83369053009503,8.954766623558061,149.5107451902001,1
265,40.87613085,5.178963314,bp,14.92873366,0.0,6.6,0.0,0.0,2.4338586722955364,0.15414225373780915,0.17307015640268503,1.4135693654924506,5.005765669503204,5.230889284596983,9.019910043805671,144.6065363149058,0
266,41.0457958,5.079917568,bp,5.76140894,6.270704758,4.3,0.0,1.2474115050691676,2.326675878300313,0.14582901562710507,0.16741815401500504,1.3835384304274545,2.7714183990017953,6.797905620633694,9.417141097722528,179.77764225160303,1
267,41.10062307,5.194427313,bp,5.665915974,6.366197724,5.1,0.0,1.1619161231731017,2.428567976978412,0.14761753410105083,0.1703759386751946,1.408972996078089,2.77650385687275,6.790692703725709,9.413742977225027,173.97979245540594,1
268,40.67764847,5.571547387,bp,4.901972247,5.06112719,4.9,0.0,1.1992085181464491,1.877688216641501,0.0,1.3097646088270563,0.4067204095410809,5.2739449485401915,6.575084683026429,9.36890974028141,164.04507894935938,1
269,40.77785741,5.496685904,bp,5.315775099,5.53859202,5.1,0.0,1.1662377436007259,1.6346316940305603,0.16928054098129366,0.18644181830701986,1.5006026196740148,5.181668582682596,5.891550817494607,8.441132495173445,206.35787148090563,1
270,40.90135226,5.489172571,bp,6.875493542,7.384789359,5.8,0.0,2.4167849768512273,1.6131492069927507,0.16411780139216708,0.18410283781671458,1.4937957418390693,5.102394776032135,4.500761065258944,9.904312263663227,170.43847574929745,1
284,42.30458188,19.63480854,bp,15.82000134,16.01098728,10.7,0.0,0.0,0.0,6.593506812084695,5.120303657029291,1.947792440692156,0.3737432773844426,4.5595006895959225,3.727987924066571,0.0,1
290,42.2911532,29.22845886,bp,2.49,2.76929601,3.0,0.0,0.0,6.568120980404111,5.843966173668234,0.0,3.746916093233247,11.416824198973366,1.6987933032317073,1.9287902585136556,231.81414200879985,1
291,42.31495956,29.27998766,bp,1.24,0.55,3.4,0.0,0.0,6.404680534887747,5.920196054495084,0.0,3.7190739387069627,11.792561190312906,1.3622463083449832,1.9289414743735551,273.94456296916053,1
292,42.39482312,29.34016916,bp,3.59,3.628732702,5.1,0.0,0.0,6.147761652576095,6.020820434541243,0.0,3.692911993297295,12.247927379354943,1.2184906958471688,1.7358367571790416,209.2971406581792,1
293,42.21876894,29.27455042,bp,2.65,0.0,2.9,0.0,0.0,6.566975410423663,5.8946560313394,0.0,3.710163810987234,11.649941453880393,1.346472172877535,1.9134067471367708,282.32431029153935,0
294,42.21051793,29.30192194,bp,1.8,1.83,3.5,0.0,0.0,6.509964888590289,5.9314200994971955,0.0,3.6930588741093437,11.635890039060046,1.3468641056423034,1.9100887096911654,313.4717962076808,1
295,42.29697677,29.43580215,bp,1.22,1.36,2.1,0.0,0.0,6.074204541074812,6.145358973221002,0.0,3.627149810724013,12.088069390167487,1.0325982262902673,1.9147939202755542,267.2714536957824,1
296,42.36764133,29.52436601,bp,2.05,2.291831181,3.0,0.0,0.0,5.80045195142478,6.298518124387706,0.0,0.12185392036378104,15.652707393099101,1.2235687228117773,1.7195062930693843,256.4160417373588,1
297,42.47063899,29.60368488,bp,1.0,1.21,2.7,0.0,0.0,5.530671707025043,6.450433663154034,0.0,1.0545792707478177,15.174978683574261,0.9119551670893807,1.7184127396694955,260.8070054557881,1
298,42.43085771,29.81729986,bp,2.26,2.450986124,4.3,0.0,0.0,5.204618469872699,6.821785504760676,0.12897652673819332,1.6150904963776433,14.287560280256216,0.9093718186556642,1.6996124079408863,263.68861557883906,1
299,42.4990919,29.73027757,bp,8.53070495,8.944507802,7.3,0.0,0.0,5.282625375984653,6.678188760744018,0.12788676774087768,1.6131828500462286,14.457954047647927,0.9201383987020667,1.709539688485824,206.68273918693185,1
300,42.57665163,29.82595715,bp,4.169859509,4.265352475,5.5,0.0,0.0,5.056970396852538,6.87458360022745,0.13111553406928522,1.637813525328832,14.502043746814579,0.9377878132707028,1.704613878039631,209.02356923128679,1
301,42.53738267,29.97268448,bp,1.31,1.909859317,3.1,0.0,0.0,4.875192722567741,7.1595461894683154,0.1341366063429879,1.6522479260207121,14.32766456371933,0.9325354645001229,1.6919478647768178,179.45455681784478,1
302,42.20210713,29.67127094,bp,12.92338138,13.01887434,8.0,0.0,0.0,5.6869814907678355,6.496277232626079,0.0,0.12286018621206489,15.148039358837673,1.1759728811024215,1.8809843959067523,220.6979130168923,1
304,41.94673304,29.30027793,bp,5.188451145,5.570423008,6.6,0.0,0.0,6.892857922989684,5.868677015467426,0.0,3.656508873662283,8.927389254203094,5.044515184914125,0.5531385695715041,216.79171149027835,1
305,41.89787336,29.36270311,bp,3.21,3.437746771,4.2,0.0,0.0,6.770596994377621,5.9409794504476165,0.0,3.6140703475555744,4.87915953342131,9.022236579046766,0.5493735776552945,277.19464577108243,1
306,41.88079281,29.41660035,bp,2.25,2.546479089,3.6,0.0,0.0,6.635145296504194,6.0110003343827385,0.0,0.11422936759890817,8.34434850408908,8.658509504531294,0.7466689672331365,276.5208701951238,1
307,41.79390492,29.38129557,bp,1.56,1.941690306,3.9,0.0,0.0,7.471520976129266,5.300250455827656,0.0,0.1126487584022546,6.904327086337462,10.000825582180006,0.888300962025609,230.51589674302457,1
308,41.81873214,29.33387222,bp,0.84,1.13,1.6,0.0,0.0,6.952943331649997,5.879971193329101,0.0,3.617483403582429,3.5187973518774607,9.946863116538134,0.8915529942454394,255.39140848018897,1
309,41.84246817,29.62411282,bp,3.04,3.21492985,5.1,0.0,0.0,6.774730643898781,5.650623195798394,0.0,0.11743696319560562,6.6492727330805526,10.164195082340504,0.7462070622798862,216.77905304672558,1
310,42.04984549,29.65374661,bp,6.35,7.416620348,5.9,0.0,0.0,5.870619043144224,6.41906567587597,0.0,0.12059201297420986,10.470890892665677,5.610276372209587,1.860499907756772,275.52021365449355,1
311,41.93414513,29.73325126,bp,1.09,1.18,2.0,0.0,0.0,6.437373677386207,5.865083103722756,0.0,0.8002873344082418,6.921875326343314,8.145452477216923,1.9496865767930727,273.0370926474163,1
312,41.95504438,29.61210247,bp,1.84,1.86,3.0,0.0,0.0,6.05390050143483,6.3217334440751705,0.0,0.11861784840035831,9.106907568009548,8.213707243787448,0.4021115850698882,291.33601210794933,1
313,41.99452325,29.81740353,bp,1.3,1.909859317,3.1,0.0,0.0,6.20803225999159,6.034899456611646,0.0,0.8123752151072563,9.259178821939713,5.84786298527024,1.9511629834508943,322.2714370116397,1
314,42.09512248,29.89974304,bp,0.86,1.05,2.5,0.0,0.0,5.340127955738695,6.8563220110408825,0.12614296731546326,0.6987675584543419,10.054417408998185,5.262954799949515,1.8470698225678381,264.09840069890487,1
315,42.03321526,29.84907257,bp,1.23,0.0,1.5,0.0,0.0,5.481694840390671,6.740100098477812,0.0,0.8171743958153096,9.695943283192303,5.555732709850568,1.8428425341074295,647.4834609125218,0
316,42.03321526,29.84907257,bp,4.106197532,4.329014452,5.2,0.0,0.0,5.481694840390671,6.740100098477812,0.0,0.8171743958153096,9.695943283192303,5.555732709850568,1.8428425341074295,359.8637077125218,1
317,42.25559181,29.92438257,bp,0.87,0.99,2.0,0.0,0.0,5.174845710642651,6.967198756537819,0.12896044418356487,0.7007435506762386,14.713055661021015,1.0280294925507316,1.6752938510511068,217.3806620022872,1
346,48.60225172,41.65987944,bp,3.342253805,3.278591828,3.3,0.0,6.256942676970286,0.0,0.0,3.1707817482596927,2.3874505243918542,0.0,1.774480891436228,3.083611161070406,19.743831616906448,1
347,49.00635548,42.14062387,bp,8.562535938,9.294648677,8.6,0.0,0.0,0.0,1.5087116118907264,2.056420967902586,2.530680174859076,0.0,0.4792778356895235,3.8130873562577667,34.15736028488222,1
348,49.32416781,42.15658314,bp,3.787887646,3.9152116,5.4,0.0,0.0,0.0,1.6232904079112507,2.0589912182397465,2.50802126416233,0.0,0.0,4.299485354106847,65.23886207219401,1
349,49.59543713,42.18282589,bp,5.729577951,6.047887837,6.8,0.0,4.534134209177651,0.0,1.7248442871284633,0.0,4.5935411505638895,0.0,0.0,4.242034743994474,34.80888878871722,1
350,49.26633127,42.28511054,bp,1.63,1.68,3.4,0.0,0.0,0.0,1.6667537435638058,2.1025881525983348,2.554409623618037,0.0,0.17906497290832496,4.184078158995594,78.51401781750845,1
351,49.23761531,42.69421038,bp,1.05,1.13,2.2,0.0,3.613233371175725,1.7672446413924259,0.0,4.877101112198794,0.0,0.0,0.19423250037976336,4.406077463619653,34.382636136912346,1
352,49.81830962,45.47698718,bp,3.21492985,3.596901714,4.7,0.0,0.0,0.6575443291936606,13.657192603184159,4.98679250065568,0.0,0.0,0.0,8.921779248559956,0.0,1
356,41.55964686,45.41861041,bp,1.51,1.57,2.9,1.2352866884988891,0.0,0.0,9.091592215020539,11.856968581679,0.0,0.0,0.7632075556861166,4.312435861592843,71.36553764621505,1
357,41.65028446,45.48473795,bp,3.405915782,3.819718634,4.4,1.1654902059765986,0.0,0.0,11.639834900861494,9.24720274083857,0.0,0.0,0.7691576888110152,4.416339127967131,52.754573837579194,1
358,41.49010693,45.56871798,bp,4.106197532,0.0,1.6,0.97095670145014,0.0,0.0,12.126236963254964,9.359829288849712,0.0,0.0,0.17136747239312244,4.881036856647719,65.20431659633238,0
359,41.48078979,45.68160694,bp,3.405915782,3.596901714,4.7,0.8514462130693735,0.0,0.0,12.336930752620871,9.579383945720569,0.0,0.0,0.17027846900200888,4.883593434570995,63.93828686809515,1
360,41.347857,45.66180373,bp,1.22,1.687042397,2.8,0.8168144656754948,0.0,0.0,15.257758715875209,6.645438040307282,0.0,0.0,0.17031293406869707,4.761471195347134,63.89685678780644,1
362,41.82042906,49.21287247,bp,3.278591828,0.0,3.8,0.0,1.1013708307589019,0.0,6.522825148452433,3.0058795999648638,16.951272284882126,0.0,0.0,0.7250511958474453,97.0303857695605,0
363,41.62474983,49.40017471,bp,4.042535555,4.201690498,4.7,0.0,1.3024490455004611,0.0,6.417813685192323,0.3040207138190254,19.945036553654496,0.0,0.0,0.0,102.64760643889139,1
364,41.73344728,49.44280711,bp,6.939155519,7.161972439,6.9,0.0,1.215219093634332,0.0,5.70460677139789,0.997913701610754,19.77395251193837,0.0,0.0,0.0,96.81156774692995,1
365,41.85837927,49.43215839,bp,2.99211293,3.119436885,4.2,0.0,1.1215455403744992,0.0,5.696662677367101,0.9977706802512394,15.606525972678254,4.0308305290072965,0.0,0.7329013002956247,131.34192572970144,1
366,41.91079217,49.30556912,bp,3.437746771,3.437746771,4.5,0.0,1.0607395267297108,0.0,6.445087278514886,3.0343629821221394,12.812763399627968,4.009468398046386,0.0,0.741973034532505,115.47177513500108,1
367,41.95643067,49.38459336,bp,1.88,2.164507226,4.0,0.0,1.0485704025140787,0.0,6.387840390524269,3.046079301169893,12.748105403846324,3.9826070391359196,0.0,0.7508066057421603,124.4839959239446,1
368,41.89615681,49.15972847,bp,0.49,0.64,2.1,0.0,1.03275429327489,0.0,6.548699355121903,3.0391438888035185,16.81555621684837,0.0,0.0,0.7386354726595932,110.24863695672077,1
409,17.00265548,-10.0755008,bp,12.09577567,0.0,2.8,0.0,2.2275572094660556,11.542683003240938,0.0,4.380439896038849,1.1879250767578653,0.5216027754926232,0.1266515493326118,11.499756282636955,0.0,0
410,21.74400472,-9.617591413,bp,2.59,2.85,2.7,0.0,0.0,0.0,0.0,2.539310282210492,2.5426490134811526,14.022374991349364,0.5118725025182841,3.3861114656067666,133.1692843912501,1
411,21.76625039,-9.522532463,bp,9.008169779,0.0,4.4,0.0,0.0,0.0,0.0,2.522274603833127,2.5442878982320076,13.895884194143662,1.831128188565679,2.0732604767927034,75.3253457793144,0
412,21.57359182,-9.2921288,bp,3.151267873,3.246760839,2.6,0.0,0.0,0.0,0.0,2.6082095840476724,2.4943979868227686,11.054762305343173,4.294851699482997,1.1921062067783699,138.63853215163087,1
413,21.62235084,-9.326122197,bp,5.029296202,5.156620156,5.7,0.0,0.0,0.0,0.0,2.5845229934720115,2.5058203073004,11.095814381545928,4.3202208934199815,1.553698429501161,113.7179599917377,1
414,22.0853493,-9.562175368,bp,2.62,2.94,3.0,0.0,0.0,0.0,0.0,0.0,4.33138657979248,14.83494923149817,2.387034312847568,3.034467700957689,72.58800499067533,1
415,22.25608248,-9.535359168,bp,3.565070725,3.851549623,3.4,0.0,0.0,0.0,0.0,0.0,4.318268927134417,14.90813295249743,2.417995548061947,5.213493174837874,51.52922791734495,1
416,21.46494397,-9.255555249,bp,0.43,0.5,1.4,0.0,0.0,0.0,0.0,2.6660320347649145,0.7094357865560279,11.16754249302356,4.561394149027169,1.8138138083378756,100.10248023634637,1
417,21.48763645,-9.191732752,bp,0.5,0.64,1.7,0.0,0.0,0.0,0.0,2.646068617261208,0.7034972331657123,10.245851669078027,6.714074363241369,0.5355145600881528,90.62154460593524,1
418,28.09650269,-4.700221541,bp,10.31324031,9.67662054,6.1,0.0,0.0,0.0,0.0,8.993769320877446,8.43006729278439,6.860755860997045,4.4712105791325225,15.78678452074096,28.4965569436235,1
419,28.21630003,-4.605000932,bp,4.360845441,4.965634224,4.7,0.0,0.0,0.0,0.0,9.105345761438548,9.108458378595378,6.3912154159214865,2.2532821585512965,14.673696397266333,67.39331713159613,1
422,32.57920274,-4.181351697,bp,3.342253805,3.787887646,4.1,0.0,0.0,3.680043725434382,12.467694822689197,6.231218413770978,4.294453443882423,2.426837600535402,7.445248459619112,0.7088279302039069,92.07351367688236,1
423,32.70002292,-4.046283969,bp,11.61831085,11.77746579,8.1,0.0,0.0,3.9547067499355038,12.223236144595758,6.256686064859947,4.263016664443736,2.4816855561329993,7.412222725460433,0.285984101306893,63.52936373104752,1
424,32.80903331,-4.197621347,bp,2.36,2.65,4.8,0.0,0.0,5.186836651390343,11.497763502320224,6.203556550196368,3.750831219292408,3.0747074800344736,4.150375509450392,3.563114791175322,96.25362476082236,1
425,32.77300146,-3.849342139,bp,6.811831564,7.002817496,6.9,0.0,0.0,4.34379022675591,13.845175518501582,4.869150866866753,3.533132977090053,5.34540595932743,4.6137390631914466,0.2840595010600529,70.75198720807988,1
426,33.75886237,-1.982905698,bp,3.883380611,4.074366543,4.7,0.0,0.0,15.653920941247407,0.0,8.375597889163709,4.42563889131274,6.466103896214663,5.049923266793409,2.9008669258221835,39.6675832115709,1
427,33.65070084,-1.902438624,bp,5.347606088,5.665915974,5.7,0.0,0.0,15.328001907170535,0.0,5.519742601532741,7.122852613065746,6.53227175196724,5.103075571726822,2.924635339596034,28.806221137850486,1
429,33.76606459,-6.972963607,bp,4.074366543,4.265352475,4.7,0.0,6.604303661190064,10.418015592747146,6.910102117890631,0.7782227455036853,4.890792691868581,8.718260875810001,5.41978526026945,2.4785541032801404,46.29542486399859,1
430,34.21745746,-7.328090235,bp,9.390141642,9.45380362,8.6,0.0,11.791124062100376,5.728809804663728,6.651381496133164,0.0,5.5624510019012625,7.417766087771743,6.667584159951027,1.7794603540327896,31.49765741690898,1
431,34.09602769,-6.939671431,bp,9.931268449,0.0,3.4,0.0,8.136696491263745,9.329205965402089,7.48375183150837,0.7816443003125761,5.048073255233515,5.920233319747181,7.946218497886943,0.8696783823907799,35.35958401215045,0
434,36.14043415,-1.98041451,bp,1.13,1.55,2.7,0.0,0.0,7.120710961302654,3.7868229398343463,6.6723745992672825,4.240759992599671,3.3640485229600565,0.47039874500050616,13.295315026558727,58.64835773811603,1
435,36.22493126,-1.830002693,bp,7.321127382,7.543944303,6.4,0.0,0.0,7.073460396623762,3.705961245627355,6.42935073020848,4.1131623086449,2.3349342399626405,2.3046209072569925,12.54220842738837,28.346625916959436,1
436,36.37628038,-1.936858173,bp,1.18,2.31,3.2,0.0,0.0,7.1206109695232715,2.115251344080021,8.061038501677658,4.141563298342298,1.844226465822484,1.9224248717648633,11.129133046021325,74.40195623864635,1
437,36.35769229,-1.857519139,bp,1.22,1.61,3.1,0.0,0.0,7.092774647130126,2.0739273941359166,7.992102460982375,4.094346102498716,1.8359199803820871,2.7713702308867885,12.508017156208249,82.48158126843899,1
438,36.44344169,-2.049214316,bp,1.99,2.08,2.4,0.0,0.0,7.168908803187806,2.197704116817034,8.101491877833304,4.196782513774547,1.8515766125686612,1.9248536641040848,11.052772695684062,42.11424385110483,1
440,38.84947873,-3.968756281,bp,1.73,1.93,3.0,0.0,4.962333384544586,0.0,3.8874229457328218,2.8725022087601357,7.132619133709624,3.9331182155383964,7.845082279796944,0.4939392714688926,42.456141962579586,1
441,38.88785697,-4.114149349,bp,1.68,0.0,1.6,0.0,4.563603775121333,0.0,3.748362535243716,2.9097663900717654,7.1610507503758285,4.099072508484395,7.768682991680114,0.35459412569557597,69.46995339604084,0
442,38.88133355,-4.135745113,bp,0.69,0.0,1.4,0.0,4.51349851881376,0.0,3.738413743222111,2.9210701602207934,7.177866533627359,4.103310773411793,7.780750871450884,0.35420975425986295,107.21218316771562,0
443,38.93552397,-4.024065698,bp,2.59,3.119436885,3.4,0.0,4.77507526832557,0.0,3.7711799801634207,2.8538093063289276,7.070731954047546,3.8788732282267304,7.915503063272018,0.35699544158106566,45.090909608691234,1
444,38.97726947,-4.016779943,bp,0.26,0.0,1.0,0.0,4.77479461508257,0.0,3.740242185176708,2.8321831030524995,7.02539168408279,4.0432348806834115,6.8694369272590405,2.529467909403243,91.01464441023181,0
446,39.01488078,-2.201978448,bp,1.09,1.33,2.0,17.28230038998117,3.770876016072422,4.66585919692356,0.0,0.0,3.5901069882480248,5.4915841063066235,10.82483793555188,8.549237753548836,0.0,1
447,43.41154629,-9.422980136,bp,1.33,1.59,1.8,0.0,0.0,0.0,0.0,3.230467752029554,0.0,1.928128680362007,3.8835772533988875,11.117804713014849,155.6871929666818,1
448,43.59888554,-9.391294074,bp,0.95,1.04,2.0,0.0,0.0,0.0,0.0,3.294253077132065,0.755988488789662,0.8398267716035832,5.238855941785492,9.020618957999481,150.03088656702883,1
449,43.51117674,-9.412430523,bp,1.22,1.21,1.8,0.0,0.0,0.0,0.0,3.264121778510201,0.7452577471334008,0.8255947910669045,4.092355409672505,11.539714915493734,170.48876446327986,1
450,43.45223606,-9.649334649,bp,6.525352667,7.384789359,6.2,0.0,0.0,0.0,0.0,3.2715097799918587,0.3000008734536353,0.44384280286664773,3.67422225488394,13.230049630813305,206.49359670002258,1
451,43.45586924,-9.830979797,bp,3.437746771,3.756056657,3.9,0.0,0.0,0.0,0.0,3.2900116347757233,0.7423233586616691,0.05647233432984854,2.3434001647537777,14.456520817733159,143.5214325986246,1
452,43.4823226,-9.56008035,bp,7.480282325,8.371550007,5.3,0.0,0.0,0.0,0.0,3.2725012795843127,0.7434843497672667,0.8066049169333173,2.7951375664482274,11.633820869249286,196.05278781732207,1
453,43.6244379,-9.663771062,bp,13.84648005,0.0,3.9,0.0,0.0,0.0,0.0,3.3401534915928797,0.7625634968706198,0.8142364678358741,2.8164451354710938,13.490594047588733,134.42146442860928,0
454,43.77933166,-9.715830625,bp,2.69,3.055774907,2.3,0.0,0.0,0.0,0.0,3.4147039270776336,0.7837855572909078,0.831860609811944,3.950163845770249,11.47391468459496,199.7509943140642,1
455,43.81871204,-9.706166122,bp,2.22,2.33,2.3,0.0,0.0,0.0,0.0,3.43235444724254,0.7891623036129493,0.8393246847789957,4.146307898714629,11.34351847345834,190.94920719721466,1
457,46.77414776,-3.459303009,bp,5.53859202,5.634084985,4.2,0.0,37.1983256591948,0.0,1.8704960080387087,0.0,0.4159880071239061,9.14539808673276,7.712964069395178,1.3998900236669352,0.0,1
458,47.83126217,-2.566354656,bp,6.016056849,6.334366735,5.4,0.0,4.002508510505414,2.626557351424959,0.0,0.5328660625526975,0.7769537274558919,3.703961099501828,3.224994791357339,8.3502988515611,146.53243657393614,1
459,47.76110088,-2.754964745,bp,3.183098862,3.246760839,2.9,0.0,4.567891367891875,2.409496165207992,0.0,0.0,1.2809334373057688,0.0,8.15353649545101,8.555121164898774,130.7385560590336,1
460,47.99550287,-2.519998265,bp,8.116902098,9.230986699,6.6,0.0,3.594668634263673,2.7307738056701223,0.0,0.874327763217307,0.4613654340907882,3.7885265095166254,3.248904937099075,8.265998034318722,146.6491729576162,1
461,47.95645499,-2.692271123,bp,4.201690498,0.0,4.7,0.0,3.9299693739718733,2.5344746886036464,0.0,0.0,1.329813057437396,0.0,7.291643746233617,8.20655438580513,167.55024859911813,0
462,47.83845978,-2.650310151,bp,0.22,0.72,1.4,0.0,4.142945412035469,2.5381724582698255,0.0,0.5244543754971221,0.7658187272235223,0.0,7.22513661280823,8.220271637406956,227.92800934331137,1
463,48.1868406,-2.477368158,bp,5.697746963,5.98422586,5.3,0.0,3.2192971725639175,2.848964551262171,0.0,0.9065835600059695,0.4771449464147896,3.8809060064489644,3.280248106343834,8.030069584259584,137.71487583060568,1
464,48.41546671,-2.606099432,bp,5.092958179,5.602253997,5.1,0.0,3.0274192904118093,2.7984400577616815,0.0,0.9108096813458759,0.4793348182179018,3.887610865943268,3.3935530938573026,8.13502597676347,137.5501071589872,1
465,48.14,-3.221614502,bp,3.787887646,3.724225668,4.3,0.0,3.9950042165020827,2.1703482109092658,0.0,0.0,1.2352370986099641,0.42705265241767615,14.52378328514124,0.7294153020366374,140.58727264107412,1
466,48.2090326,-3.340140083,bp,4.710986316,4.997465213,4.1,0.0,3.846713539820427,0.0,2.497068009087759,0.0,0.8090920630386153,4.030256643488889,11.409705099043784,0.7378626985495824,122.8731479048766,1
467,48.34328077,-3.196135386,bp,4.83831027,5.06112719,5.0,0.0,3.4899577480032584,0.0,2.6261323000537793,0.0,1.2702510524795418,1.069775947967504,8.02183706853166,6.771817069195064,160.32155988729107,1
468,48.30677782,-3.131548919,bp,2.960281942,3.246760839,4.0,0.0,3.534437817297849,2.3159307355373047,0.0,0.0,1.2795566395530318,0.42950995927591934,8.642655168913631,6.7299440368425385,194.63212252257816,1
469,48.40162868,-3.057402348,bp,2.960281942,2.928450953,2.8,0.0,3.3342493299585216,2.4074199943227526,0.0,0.0,1.3106454203660873,0.0,7.533578868254361,8.292247089950191,156.54332701148192,1
470,48.49927454,-2.983860437,bp,1.34,0.0,2.0,0.0,3.173826771675716,2.4918034162006473,0.0,0.0,1.342706325526447,0.0,7.383036343329349,8.436382207750112,140.14838369042985,0
471,48.53126715,-2.638792114,bp,4.456338407,4.488169395,3.8,0.0,2.9471578041013675,2.7897763496668833,0.0,0.9183358249911697,0.4830807179347017,3.9082387020462543,3.43719110452601,8.160964238324459,128.1415514685774,1
501,47.83522408,-10.27361205,bp,7.703099246,8.276057041,7.6,0.0,2.7413833732476913,0.0,0.0,13.438038192991042,0.0,8.422060126049256,11.912918851484218,0.46010927450358613,32.533711547803314,1
502,47.91361961,-10.3178438,bp,2.928450953,2.99211293,2.7,0.0,2.867438793624795,0.0,0.0,13.30929664518711,0.7564739355608031,7.733293818096504,11.916745858787708,0.45794553791156684,85.57780646342457,1
503,49.43994249,-10.03295175,bp,1.8,2.4,3.7,0.0,9.516596087629269,0.0,0.0,0.0,11.863296228604261,11.567449005691511,11.695045658595099,0.0,39.73468147016534,1
504,49.44948185,-10.09895836,bp,2.65,2.53,3.2,0.0,9.550385190146274,0.0,0.0,0.0,9.87193924024847,11.834680308142582,13.391718423568983,0.0,26.989594960867024,1
505,48.78592456,-16.38334784,bp,5.252113122,5.570423008,5.6,0.0,0.0,0.0,0.0,0.0,0.32424785437827264,4.218569807328606,9.905549278566815,14.508284854000086,49.91517319044023,1
506,48.94773664,-16.31193386,bp,1.15,1.71,2.8,0.0,0.0,0.0,0.0,0.0,0.319193020070912,4.317834011754877,9.754789220543477,14.656384280110862,86.39874704009027,1
507,49.11296846,-16.59668901,bp,12.15943765,0.0,7.8,0.0,0.0,0.0,0.0,0.0,0.326454419865768,4.178303682519896,10.228008393353106,12.228050109399588,34.040994893763795,0
508,49.10283255,-16.13993808,bp,2.89,3.310422816,3.7,0.0,0.0,0.0,0.0,0.0,1.176088721719784,3.606181736077927,9.629140316789464,14.705466381734022,52.00162842415596,1
509,49.24614009,-16.42623477,bp,2.33,2.48,3.6,0.0,0.0,0.0,0.0,0.0,0.3188582008051661,4.328707169514099,10.073833584427167,13.797704199678535,80.20206557027986,1
527,30.3484735,-13.36101713,bp,19.03493119,19.41690306,11.3,0.0,13.519275969806023,6.6125365570485775,20.321424069303642,3.672761048667047,1.8444625060748157,6.368716723939038,3.513542579268739,4.699712932665732,46.523879394345755,1
528,30.24135332,-13.00215172,bp,0.61,0.72,1.3,0.0,11.710223505025347,8.022544728244203,18.29066716603447,4.621303726990316,1.424150917580765,8.126091547783778,2.1164033487476983,4.715342302589925,168.900052515491,1
529,30.10224578,-13.02604714,bp,2.34,2.57,2.8,0.0,10.65556622805289,10.358542558013152,17.059227186737907,4.59983579014571,2.2863043547985593,5.328758740325634,4.011544479980863,4.707833119724659,181.9301068019817,1
530,30.07259681,-12.99725973,bp,0.28,0.7,1.4,0.0,10.385606908020842,15.556205913267132,12.030320813611276,4.6168250244706055,2.2868801972552912,5.314678460244527,4.013501280942909,5.002735904171081,242.3316645199599,1
531,30.27203164,-12.78945004,bp,1.3,1.48,2.7,0.0,11.230351194967684,7.530114235412971,12.453613118208873,10.387617569019472,1.316892399292259,9.508629934911413,0.8482731106285694,5.408070203736718,136.49779438026118,1
532,30.20966042,-12.82583632,bp,2.49,2.67,2.6,0.0,10.90257011275031,8.05192880264866,12.372896172346135,10.444871072491713,1.3054765949383123,8.087013322090264,2.259291321347252,5.132434977114901,144.3844209873751,1
533,30.13886071,-12.9397333,bp,5.602253997,5.697746963,5.2,0.0,10.724651606402281,10.18806189276306,16.74598238461231,4.655828717783276,1.2788880735249404,8.239980128822685,2.112796390515796,4.729731535916877,147.1882621075506,1
534,30.00842691,-12.92174044,bp,2.28,2.57,4.0,0.0,9.813512749703214,15.861226032516202,12.057264829927838,4.663464190435157,1.423530771278348,6.143034481841734,4.021775311902866,5.810581791678965,164.55714803744314,1
535,29.84401177,-12.89300935,bp,3.19,3.087605896,4.2,0.0,8.851876877287458,20.2754326121052,8.976572929670994,4.679977187946407,1.4174034574664864,6.030188777423547,4.083221683327527,6.356226146143459,136.09606345157545,1
536,29.71388965,-12.91067584,bp,2.77,2.864788976,2.4,0.0,8.26568181257266,24.420225160430636,6.114999276766534,4.667342387044051,2.2837129067801603,4.134380776324432,5.0708168457072595,7.519813904670242,132.9472326970534,1
537,29.70565169,-12.99078466,bp,3.08,3.405915782,4.8,0.0,8.321408528544852,24.622012273436432,6.243688001181953,4.6126540446331585,1.1285352600024148,5.335368640261428,5.035070457052095,7.499376071738899,125.79683129086823,1
538,29.89325028,-12.95542044,bp,0.86,0.88,1.7,0.0,9.207590494439941,19.984667350119075,9.00433594612796,4.638945379203793,2.2862297080045635,5.377066610554687,3.8909710899155963,5.767340421989503,175.60345814428203,1
539,29.81535435,-13.11375866,bp,1.25,1.34,2.3,0.0,8.983702209966655,22.814154460133295,7.306282790611471,4.533913774800934,1.1453602662716873,5.381632516402057,5.027446433613174,6.572714507478848,123.7077320047195,1
540,27.57388676,-13.02915989,bp,1.51,1.73,3.3,0.0,0.0,17.771089935907064,13.219163332753107,0.0,4.975487471631119,4.42274236954035,2.342395825494306,6.782213970824244,133.43787696481314,1
541,27.40438839,-13.09377894,bp,6.557183655,6.716338598,5.9,0.0,0.0,16.66938392974477,9.36561808942633,3.677675341825323,5.184373816683906,5.464768468970499,1.1591684693619535,4.572645758488763,151.63365668399078,1
542,27.29646972,-13.07330742,bp,1.84,0.0,2.5,0.0,0.0,9.825789318093646,15.49216757046873,3.5813513824263064,5.168383529614703,5.639502318178903,1.0205078125585982,4.559019970065412,209.33743108659883,0
543,27.25871825,-13.12955896,bp,1.02,0.0,2.1,0.0,0.0,9.252086406316163,15.883536555687648,3.9438904684888048,4.826765475203319,5.629554832207537,1.950265564794429,2.323426351823976,233.3525158486308,0
544,27.20045019,-13.14387097,bp,0.84,0.95,2.6,0.0,0.0,8.033727503271148,16.761653109533636,3.9007477720455315,4.834921852030698,5.643447275736873,1.9468939058255907,1.863738779094878,223.97772802031042,1
545,27.34061808,-13.25037683,bp,0.65,1.18,2.1,0.0,0.0,9.938848123976786,15.817564757621962,4.018666964761224,4.936117906736593,5.423928283798604,2.087798741280408,2.549237787213471,242.354574824168,1
546,27.09459195,-13.33756545,bp,15.27887454,0.0,4.3,0.0,0.10776674902018271,4.988852027912095,19.239407697852528,3.92056800492915,4.9118748260951195,4.208507685509414,3.3350337124606275,2.198548543871936,155.90593938748805,0
547,27.38500871,-13.38017673,bp,7.034648485,7.034648485,7.1,0.0,0.0,16.46112714422444,7.039058527514756,6.710044601737518,5.056152346939125,4.203860029859245,3.2480736642457595,2.942287426794719,188.3227259537204,1
548,27.44999175,-13.50402526,bp,3.278591828,3.596901714,4.0,0.0,0.0,16.753441319291692,7.346681552264511,6.6895499442794915,5.284156532036383,4.052177033776649,3.231972550574371,2.9376027916077465,184.62210999105503,1
549,27.22174505,-13.61588168,bp,3.724225668,3.724225668,4.2,0.0,0.11770725121144761,7.787045987090455,14.882113151433137,7.571375939046871,4.2438061577066595,3.0716711677806563,4.2231208646847325,2.980090765003348,188.48780625180703,1
550,26.9780421,-13.63579597,bp,4.074366543,4.233521486,4.2,0.0,0.12868469955288006,3.8756089224720403,17.43008528955339,7.376023895494679,4.236064224973704,3.9169624970152093,3.431834079583802,1.2270670604521152,245.12435262551372,1
551,27.2450178,-13.51330743,bp,1.06,1.1,2.0,0.0,0.11167048764636094,7.917064469386131,14.765803816508061,6.596800449147824,5.196804486186152,3.0898338183621137,4.239367497895245,3.1186978769596587,249.06873333052744,1
552,26.9591837,-13.56756364,bp,6.143380803,6.589014644,6.6,0.0,0.1248621507225425,3.871525200622701,17.24964152285174,6.35100708438997,5.215321424460563,4.012791390244946,3.3080305557429845,1.7399424663349015,240.83352473500312,1
553,26.87569817,-13.36974797,bp,0.99,1.14,3.4,0.0,0.1152085118614505,2.465796548095727,17.969507074623372,6.403468543109539,4.912680318550536,4.308909952618527,3.2248409072940984,2.11445556100255,234.03967472316373,1
554,26.83186545,-13.47917122,bp,2.8,3.183098862,4.2,0.0,0.12317009179353734,1.9995671833209174,18.35391143659248,6.3106245870443045,5.111163720965653,4.182493195657745,3.2125991064210986,2.0963791195545802,250.21980659694796,1
555,26.88020662,-13.46639894,bp,3.6,3.851549623,2.2,0.0,0.12093516247107522,2.457056000937284,18.12529155529732,6.351675021631535,5.106819501266452,4.163118122962213,3.2230176784668605,2.098077766088904,260.080163384271,1
556,27.35465224,-13.45937569,bp,1.05,0.0,1.0,0.0,0.10557574190742376,16.12521058449245,7.179216000632765,6.635672250716288,5.235357608996353,4.078936405639486,3.244599988192232,2.9310826698896757,271.0110915767548,0
557,26.86571692,-13.64245907,bp,1.61,1.12,0.9,0.0,0.13359942359636984,2.4161512329645216,18.30759426688655,7.291224756084966,4.227478475856794,4.099949838175674,3.2159353976397576,1.1464667370871116,217.7658861788332,1
560,27.80282606,-18.54055314,bp,5.220282133,5.665915974,6.0,0.0,1.4208658875052818,10.829099777330606,2.3696048960022655,4.818596037130127,19.390897393063394,8.135282215005999,4.840824120321849,10.456072995892134,72.36601251886276,1
561,27.73127914,-18.75119354,bp,4.106197532,4.13802852,4.4,1.6947354911332304,0.0,9.811940377255397,3.296926769871397,2.2447881524319806,19.059117771680537,10.081494820098769,8.207408844028246,7.729913056403622,149.933428204294,1
562,27.81697373,-18.81904025,bp,11.4591559,11.65014183,9.2,1.6176091015250633,0.0,9.648425745622673,3.3035569165032785,2.278347118496716,15.725944034814061,13.239527743613243,9.03856845294478,7.443662716931324,79.49234317671325,1
563,27.6463105,-18.9754808,bp,3.501408748,3.596901714,3.8,2.090281415784104,0.0,11.57305545178509,0.8747054337849093,2.297732051925115,15.596867892494505,13.031007246256683,12.575082663901842,4.079013274582234,89.95567455357606,1
564,27.71103186,-18.92845798,bp,0.84,1.25,2.2,1.894481764264845,0.0,11.72613495443864,0.8657809382166959,2.294068461231966,15.626834890933269,13.097119130921799,12.835006615480781,3.7068891309342096,156.9081184885204,1
565,28.0854725,-18.59302825,bp,0.9,1.65,1.8,0.0,1.1920685381420943,10.921466302032501,3.005150258810895,2.2528982164361264,18.413195703081573,11.501337618992522,4.461325852505825,10.557764978127926,69.07896127804383,1
573,16.298395,-11.76355535,bp,4.074366543,4.13802852,2.9,0.0,6.613060463125007,0.0,0.0,0.0,4.348866958070936,7.363864226174526,4.421442151898324,0.47052403505129514,69.66451795590822,1
574,16.06781081,-11.9378174,bp,14.22845191,14.64225476,10.2,0.0,0.0,5.804715363941143,0.0,0.0,0.8308097495422291,10.853686589335439,4.584086225139397,0.38077795197703956,46.37862463184318,1
575,16.11788385,-12.2812712,bp,11.20450799,11.49098689,7.3,0.0,0.0,5.089522081732173,0.0,0.7060147759348071,0.18014291192385928,11.108549560104493,4.5614495004611415,0.9068376090231108,48.42531337351107,1
581,7.835684912,-16.8838174,bp,7.098310462,7.734930234,6.3,0.0,12.435192841888648,0.0,0.31906291547287496,10.677015576380077,2.3332593078569337,17.579645891776426,0.29897091614298565,0.13088640512166827,0.0,1
608,9.017358671,-23.07140553,bp,16.45662112,0.0,6.6,19.13400606346035,6.452781048065418,1.0198932118670534,7.856377032473091,2.918871536675848,0.6602348564001526,7.411214017903378,10.705241792869163,0.1758825569395254,29.68121519931938,0
609,9.309286329,-23.14797658,bp,1.27,1.63,2.3,31.768253508667545,1.203975364468319,1.0601173861501838,7.963158346213024,2.2994775205912497,1.5162373254407109,7.36351628013151,10.613887060870656,1.0918093454728004,98.86305901420499,1
610,9.233176996,-22.94443674,bp,3.69239468,4.233521486,4.7,24.409730814177117,1.3173755769860054,1.1224640788896803,8.335025693952236,3.1233942711414886,1.2594015488145225,7.081319215710122,10.407741925322878,0.10965261405119439,94.13208000462421,1
611,9.39442026,-23.02568493,bp,4.074366543,4.297183463,4.8,28.136875789514576,1.3416293885698163,1.1292134972743493,8.96875784753838,1.8719032679642897,2.122111817553577,6.683964361479542,10.477360829859972,1.1014449785358327,72.30020905915428,1
641,24.93435111,-25.74585079,bp,5.156620156,5.188451145,6.4,0.0,45.61108297237717,1.1531226165336417,2.4115957880965846,4.05870790432594,4.397425024146044,3.8519361634185274,5.618630541447405,0.9584877730893774,121.55747065458377,1
642,24.62561928,-25.80380323,bp,2.09,2.3,3.9,0.0,47.01740498439927,0.0,2.0535446039665226,6.406848865034743,3.3296798707868565,3.431106566442038,4.795525189017826,1.677347362918701,139.19277824038545,1
643,24.49189117,-26.07459769,bp,6.398028712,7.002817496,6.4,0.0,33.25342583361521,9.858851958070764,2.5925789584805257,3.7711798685721893,5.249342098570119,3.413983920596985,3.4144184420228485,2.77842740697216,216.78323564918102,1
644,24.42614205,-26.1903964,bp,10.28140932,10.56788822,7.9,3.9304128012196844,28.299717065766213,9.318536515101636,2.5682818375150864,3.790704848237967,5.17236376548748,3.41775090968523,1.5066542550549267,4.610074850183681,176.10975191284578,1
645,24.41693766,-26.42257853,bp,2.94,3.310422816,5.4,4.3502715249773365,25.343426685597493,8.519561331221002,3.8956196939004526,1.2809222173933503,5.826179013242413,3.922005700274296,0.9473557402111796,5.607700128047409,143.58526900644915,1
646,24.63112533,-26.19799845,bp,16.61577606,16.55211408,11.9,4.7463430131604145,26.595766992126407,9.520462343812001,4.018057779455608,1.276802999726071,6.274385775380824,3.5994038737601852,1.9850393029766258,4.490684160895212,141.32176153042542,1
647,24.97833919,-25.9423331,bp,9.549296586,9.931268449,7.9,4.6716400856149685,26.748636880342332,10.995605585080035,4.229570568934656,1.9611933555996246,6.088826103150175,2.272721428789295,6.905631590582819,1.2799312907154745,114.62493979827259,1
648,24.93112499,-26.2150548,bp,3.13,3.278591828,4.8,6.416354946406992,24.211608592982202,10.785139191739573,4.195518068537582,0.9378081901593136,6.749285492328692,1.4436256016052995,5.324395382433615,2.8041582775576783,144.37984151011193,1
676,42.08674623,-25.30571065,bp,5.029296202,5.474930042,5.8,0.0,29.701490797927942,0.0,0.2879218084770009,0.1622036722384146,2.3102920837403635,15.307267582374331,0.24294011538503962,13.903336623330452,533.7448497593355,1
677,42.26849134,-25.48796139,bp,7.034648485,0.0,5.2,0.0,32.02958764584526,0.3133522916621503,0.0,0.1559462889542556,3.762651817028499,13.71045858676328,0.2396449722147753,14.368593221903572,231.56416643178122,0
678,42.37470344,-25.66558158,bp,13.20986028,0.0,4.3,0.0,34.63344955772656,0.33522863897569255,0.0,0.15002440794334113,5.744856576551614,11.58069167007736,0.797496639972032,14.22068509376452,210.8743654043307,0
679,42.60077101,-25.45284054,bp,2.26,0.0,1.5,0.0,29.60487594122814,0.34233841486632655,0.0,0.15721939597267737,7.221116722281576,10.34753601334269,12.480164010351517,1.4076456174069674,171.776803326807,0
680,42.78127029,-25.66387938,bp,1.54,1.75,2.8,0.0,32.550299756314374,0.3820418077044328,0.0,0.14969566598225154,7.351104571859045,10.065810328630498,13.667224337760105,0.8026598616144952,179.47142473821657,1
681,42.7131439,-25.76693784,bp,6.175211792,6.46169069,5.1,17.598069040181553,17.28040796260009,0.38330130665390105,0.0,0.1465665170183659,7.222816782947489,10.072986008451368,13.688977764679297,0.5748797765162826,166.2377496964444,1
682,42.67368908,-25.82924568,bp,1.38,1.68,1.8,18.243376825440308,18.076011166598043,0.38378787293425953,0.0,0.14471758652712943,6.911276139520827,6.409244169941465,17.597290403721146,0.5758691269395885,232.49857603173427,1
684,42.33145432,-26.01445213,bp,1.4,1.62,1.7,25.48636421325384,16.48937746211711,0.35294117712850887,0.0,0.13942541014212195,0.9198287234969842,12.233020772491106,5.845510442216103,12.8627411934986,255.23176247114299,1
685,42.30707959,-26.10928736,bp,3.41,3.437746771,1.7,26.990775167175478,17.0142404808226,0.3554288522405408,0.0,0.0,0.1367881071728271,13.113031995878574,5.796104536118251,12.807797827671184,185.31923271562096,1
686,42.24298137,-25.94487234,bp,7.352958371,8.021409132,5.9,27.007829792085715,14.872548391898606,0.33832973839621905,0.0,0.14133060701023442,0.0,13.165000789620562,4.696812962987816,13.833221551461058,221.16186934481658,1
687,42.24127772,-25.78642547,bp,6.175211792,0.0,2.8,24.769536107358977,13.663769778803454,0.32894548981234406,0.0,0.14606466646904162,1.026930678013087,16.177946473820093,0.7930243834838094,13.773550532043307,279.1017093619439,0
688,42.05952616,-25.72628403,bp,6.46169069,6.302535746,5.1,27.61679830006162,11.964752094796156,0.30778956539806757,0.0,0.14758438835131618,0.10829997462522217,17.145990077451806,0.704398926615873,13.478313007349467,262.890231786838,1
689,41.91320767,-25.70785274,bp,3.947042589,0.0,0.0,30.444324521202844,10.984143318652775,0.0,0.2939532674749678,0.14771079398645148,0.10858470006547002,17.167699034018163,0.7516676320582177,12.961409157354437,266.44134867637865,0
690,41.85997064,-25.65691581,bp,3.023943919,0.0,5.0,29.943824316284143,10.490729524726627,0.0,0.2873013128254699,0.14912118562493334,0.10949356723805596,17.212878585210795,0.7549572028795736,12.787066919216283,255.85508409942676,0
691,41.97232587,-25.58278724,bp,6.175211792,0.0,5.0,25.962489063493592,10.764127213108937,0.0,0.293094797052076,0.1519645674129173,0.1109693187087565,17.266762772504734,0.7428255001226587,13.10617853660502,265.78577402003435,0
692,42.04681843,-25.5409174,bp,3.437746771,0.0,3.0,0.0,34.90798070384628,0.0,0.29718740318065434,0.15361713597911383,0.1118047462775883,17.30098707357615,0.24602233733259268,13.860038988115864,298.195129614,0
696,48.04309741,-23.90105574,bp,16.2338042,15.91549431,9.5,0.0,0.0,0.0,0.0,36.04077800257722,13.628111329926584,12.890905310806453,11.175913498099197,5.368412866203742,161.18554965918275,1
697,47.82517515,-23.7238731,bp,5.474930042,5.729577951,5.5,0.0,0.0,0.0,0.0,33.02861272286135,17.428119796427104,14.78521308138952,5.322284796794401,6.8660552963035135,125.64545461691944,1
698,48.05349078,-23.80446722,bp,11.68197282,0.0,6.4,0.0,0.0,0.0,0.0,35.43113928110497,11.698445323761138,14.731306413704017,11.219686073837273,5.399673815510832,219.55209514059325,0
699,48.14767037,-23.5933355,bp,6.207042781,6.525352667,6.2,0.0,0.0,0.0,0.0,34.70932989691347,8.05124917579726,18.037600500107438,11.335747197691827,5.454554618588388,122.11356083416055,1
700,48.26885109,-23.65047667,bp,0.79,1.1,2.4,0.0,0.0,0.0,0.0,35.80700578458953,7.951295388145568,18.33369213003717,11.33294295649439,5.415275327378707,150.76014950658322,1
701,50.21513971,-27.43772321,bp,3.61,4.106197532,5.2,0.0,0.0,0.0,0.0,18.817659993946158,0.3182964932012007,0.0,7.697059829181045,21.974648689259322,6910.514733508642,1
702,50.12276438,-27.68413651,bp,9.45380362,9.644789551,11.0,0.0,0.0,0.0,0.0,17.866606079060155,0.31912581878664203,0.0,8.87749457891546,20.735953195213185,397.7951445471791,1
703,50.27736686,-27.78375186,bp,5.793239929,6.111549815,6.6,0.0,0.0,0.0,0.0,17.61016539176064,0.3154405843660994,0.0,7.048179704440874,22.291691253913402,369.4087446734466,1
704,50.18911449,-27.79033093,bp,8.849014836,9.071831756,6.9,0.0,0.0,0.0,0.0,17.534893716320248,0.3171002801256214,0.0,7.641364483828659,21.802767037390513,362.6105981968347,1
706,49.93819227,-27.77357633,bp,4.647324338,5.188451145,5.2,0.0,0.0,0.0,0.0,17.436851808121997,0.3227126550168096,4.7989702556834715,10.695155322579074,14.253828500668735,263.3709769742435,1
828,45.38290146,-40.85256783,bp,2.14,2.737465021,3.6,2.2367651171199237,6.9064550969736125,0.0,0.0,1.6876906067527135,3.7349682916689715,0.0,0.0,5.6841274065043965,0.0,1
1000,31.89674369,17.510168,bp,10.98169107,10.94986008,7.6,0.0,0.0,1.2287655040998449,0.15795491118029967,6.406779777816484,2.8627545073586624,7.115311071879542,2.73741661152028,8.625313265123403,2892.26670837916,1
1001,31.89674369,17.510168,bp,5.697746963,5.793239929,6.0,0.0,0.0,1.2287655040998449,0.15795491118029967,6.406779777816484,2.8627545073586624,7.115311071879542,2.73741661152028,8.625313265123403,3420.66111907916,1
2001,50.21513971,-27.43772321,bp,4.169859509,4.169859509,0.0,0.0,0.0,0.0,0.0,18.817659993946158,0.3182964932012007,0.0,7.697059829181045,21.974648689259322,6854.528782608642,1
2002,50.21513971,-27.43772321,bp,14.2602829,14.2602829,0.0,0.0,0.0,0.0,0.0,18.817659993946158,0.3182964932012007,0.0,7.697059829181045,21.974648689259322,5845.486443508642,1
2003,50.21513971,-27.43772321,bp,7.957747155,8.116902098,0.0,0.0,0.0,0.0,0.0,18.817659993946158,0.3182964932012007,0.0,7.697059829181045,21.974648689259322,6475.740018008642,1
2004,50.21513971,-27.43772321,bp,3.119436885,3.119436885,0.0,0.0,0.0,0.0,0.0,18.817659993946158,0.3182964932012007,0.0,7.697059829181045,21.974648689259322,6959.571045008643,1
2005,50.21513971,-27.43772321,bp,3.947042589,4.13802852,0.0,0.0,0.0,0.0,0.0,18.817659993946158,0.3182964932012007,0.0,7.697059829181045,21.974648689259322,6876.810474608642,1
2006,50.21513971,-27.43772321,bp,13.20986028,13.36901522,0.0,0.0,0.0,0.0,0.0,18.817659993946158,0.3182964932012007,0.0,7.697059829181045,21.974648689259322,5950.528705508642,1
2007,50.21513971,-27.43772321,bp,4.583662361,5.092958179,0.0,0.0,0.0,0.0,0.0,18.817659993946158,0.3182964932012007,0.0,7.697059829181045,21.974648689259322,6813.1484974086425,1
2008,50.21513971,-27.43772321,bp,12.22309963,12.35042358,0.0,0.0,0.0,0.0,0.0,18.817659993946158,0.3182964932012007,0.0,7.697059829181045,21.974648689259322,6049.2047705086425,1
2009,50.21513971,-27.43772321,bp,3.183098862,3.342253805,0.0,0.0,0.0,0.0,0.0,18.817659993946158,0.3182964932012007,0.0,7.697059829181045,21.974648689259322,6953.2048473086425,1
2010,50.21513971,-27.43772321,bp,1.57,1.56,0.0,0.0,0.0,0.0,0.0,18.817659993946158,0.3182964932012007,0.0,7.697059829181045,21.974648689259322,7114.514733508642,1
4782,42.09,-25.31,bp,1.97,1.97,2.7,0.0,29.764627291459647,0.0,0.2883966361072695,0.16205121132908581,2.3093636885968984,15.304675727919586,0.24289071152716848,13.916306729670074,1103.9031239901885,1
